ID,Unit Name,tSurfDPS,tSubDPS,tAirDPS,maxRange,Warnings
UAA0206,Abolisher,75,0,0,28,
UAB2306,Anachronon,300,0,0,65,
UAL0108,Artos,44,0,0,32,
UAL0204,Predator,140,0,0,42,
UAL0310,Vindicator,0,0,300,55,
UAL0402,Overlord,2800.2,0,183.33333333333,60,
UEB2306,Brimstone,654.54545454545,0,0,65,
UEL0107,Caiman,26.470588235294,0,0,30,
UEL0108,Crusher,44,0,0,23,
UEL0402,Rampage,1807.0448179272,132,0,55,
UES0206,Barnacle,0,3000,0,3,
URB2306,Beholder,516.66666666667,0,0,65,
URL0305,Crawfish,180,0,0,28,
XEL0308,Hermes,75,0,360,55,
XSA0201,Shyeld,0,0,0,0,
EAL0001,Armored Command Unit,12933.883333333,1903,10166.666666667,100,MuzzleSalvoSize_Overridden,
EEA0002,Spy Satellite,0,0,0,0,
EEL0001,Armored Command Unit,46579.50129199,1385,10422.222222222,256,
ERL0001,Armored Command Unit,22360.0125,1763.4615384615,13950,60,
ESB0001,Lambda Emitter,0,0,0,0,
ESB0002,Lambda Emitter,0,0,0,0,
ESB0003,Lambda Emitter,0,0,0,0,
ESB0004,Lambda Emitter,0,0,0,0,
ESB0005,Lambda Emitter,0,0,0,0,
ESL0001,Armored Command Unit,15366.666666667,1400,10416.666666667,60,
UAB4302,None,0,0,100,75,Unknown Type,
UEB4302,None,0,0,100,75,Unknown Type,
URB4302,None,0,0,100,75,Unknown Type,
XSB4302,None,0,0,100,75,Unknown Type,
BAB0001,Anti-Teleport Emitter,0,0,0,0,
BAB0003,Anti-Teleport Emitter,0,0,0,0,
BAB0004,Anti-Teleport Emitter,0,0,0,0,
BAB1106,Mass & Energy Storage,0,0,0,0,
BAB1202,Improved Hydrocarbon Plant,0,0,0,0,
BAB1302,Advanced Hydrocarbon Plant,0,0,0,0,
BAB2303,Archangel,250,0,0,65,
BAB2306,Aria,270,0,0,57,
BAB2308,Purifier,1846.1538461538,0,0,256,
BAB4209,Quantum Wake Generator,0,0,0,0,
BAB4307,Purger,0,0,0,50,
BAB4309,Quantum Wake Generator,0,0,0,0,
BAL0110,Requiem,30,0,0,32,
BAL0206,Zealot,54,0,0,24,
BAL0310,Wraith,470.99567099567,0,0,48,
BAL0401,Inquisitor,750,0,0,142,
BAL0402,Genesis,1984.8484848485,0,0,128,
BAL0403,Interrogater,734.26573426573,0,0,115,MuzzleSalvoSize_Overridden,
BALK003,Redeemer,0,0,100,44,MuzzleSalvoSize_Overridden,
BEA0006,Goliath II AA Drone,0,0,300,45,
BEA0402,Citadel Mk.2,2572,0,3464,80,
BEA0403,Citadel Mk.1,1440,0,879,72,
BEB0001,Citadel II Airpad,0,0,0,0,
BEB0002,Citadel I Airpad,0,0,0,0,
BEB0003,Advanced Anti-Teleport Emitter,0,0,0,0,
BEB0004,Standard AntiTeleport Emitter,0,0,0,0,
BEB0005,The Kennel,0,0,0,0,
BEB1106,Mass & Energy Storage,0,0,0,0,
BEB1202,HCPP - X2000,0,0,0,0,
BEB1302,HCPP - X3000,0,0,0,0,
BEB2303,Hellstorm Emplacement,125,0,0,65,
BEB4209,ATF-205 Preventer,0,0,0,0,
BEB4309,ATF-305 Preventer,0,0,0,0,
BEL0211,Inferno,120,0,0,20,
BEL0307,Helltank,556.12987012987,0,0,44,
BEL0308,Bangerhead,165.83333333333,0,0,65,
BEL0402,Goliath,5960,0,440,150,MuzzleSalvoSize_Overridden,
BELK002,Cougar,0,0,177.77777777778,44,
BES0402,Conquest Class,2898.1132075472,0,1142.8571428571,165,
BRA0409,Gargantuan,2404.9504950495,0,1200,125,
BRB0006,Advanced Anti-Teleport Emitter,0,0,0,0,
BRB0007,Anti-Teleport Emitter,0,0,0,0,
BRB1106,Mass & Energy Storage,0,0,0,0,
BRB1202,Improved Hydrocarbon Plant,0,0,0,0,
BRB1302,Advanced Hydrocarbon Power Plant,0,0,0,0,
BRB2303,Squall,100,0,0,70,
BRB2306,Manticore,276.33333333333,0,0,60,
BRB4209,Mist,0,0,0,0,
BRB4309,Shroud,0,0,0,0,
BRB4401,Shadow,0,0,0,0,
BRL0006,Crab Egg (Loyalist),0,0,0,0,
BRL0007,Crab Egg (Scorpion),0,0,0,0,
BRL0008,Crab Egg (Deceiver),0,0,0,0,
BRL0009,Crab Egg (Firebeetle),0,0,0,0,
BRL0010,Crab Egg (Wagner),0,0,0,0,
BRL0011,Crab Egg (Hailfire),0,0,0,0,
BRL0205,Scorpion,73,0,0,25,
BRL0307,Hailfire,180,0,0,65,
BRL0401,Basilisk,5515.0011493506,0,1764.7058823529,175,
BRLK001,Bouncer,120,0,353.44117647059,50,
BRLK005,Crab Egg (Bouncer),0,0,0,0,
BRS0304,Reaper Class,800,121.6,461.53846153846,85,MuzzleSalvoSize_Overridden,MuzzleSalvoSize_Overridden,MuzzleSalvoSize_Overridden,MuzzleSalvoSize_Overridden,
BRS0305,Leviathan,140,570,0,70,MuzzleSalvoSize_Overridden,MuzzleSalvoSize_Overridden,
BRS0402,SeaDragon MKII,2930,144,1200,200,MuzzleSalvoSize_Overridden,MuzzleSalvoSize_Overridden,MuzzleSalvoSize_Overridden,MuzzleSalvoSize_Overridden,MuzzleSalvoSize_Overridden,MuzzleSalvoSize_Overridden,
BSA0003,Hala Vulthoo,100,0,0,28,
BSA0004,Heavy Attack Drone,50,0,50,32,
BSA0310,Vulthatha-Ioz,190.31578947368,0,22,44,MuzzleSalvoSize_Overridden,
BSB0001,Advanced Lambda Emitter,0,0,0,0,
BSB0003,Anti-Teleport Emitter,0,0,0,0,
BSB0005,Lambda Emitter,0,0,0,0,
BSB0006,Anti-Teleport Emitter,0,0,0,0,
BSB0405,Uttaus-Athellu,1200,0,0,90,
BSB1106,Mass & Energy Storage,0,0,0,0,
BSB1202,Uya-atoh,0,0,0,0,
BSB1302,Uya-atoh,0,0,0,0,
BSB2306,Uttauthuum,5400,0,0,57,
BSB2402,Haasioz-Iya,0,0,0,0,
BSB4205,Au-iya,0,0,0,0,
BSB4209,Haazthue-Uhthena,0,0,0,0,
BSB4309,Haazthue-Uhthena,0,0,0,0,
BSL0003,Hala Ilshavoh,90,0,0,28,
BSL0004,Hala Ythisah,59.558823529412,0,0,75,
BSL0005,Hala Othuum,400,105,0,44,
BSL0007,Hala Suthanus,80,0,0,92,
BSL0008,Hala Usha-Ah,280,0,0,70,
BSL0009,Hala Uyanah,200,0,300,44,
BSL0010,Hala Ilthysathuum,457.14285714286,0,0,30,
BSL0106,Ilhaas,28,0,0,18,
BSL0206,Ula Ilhaas,70,0,0,24,
BSL0306,Uthla Ilhaas,180,0,0,30,
BSL0310,Ilthysathuum,457.14285714286,0,0,30,
BSL0401,Yenzotha,2850,0,400,50,
BSL0403,Othuy,1666.6666666667,0,1666.6666666667,20,
BSL0404,Othuy,357.14285714286,0,357.14285714286,6,
BSL0406,Seth Ilhaas,900,0,0,42,
BSLK004,Uyanah,200,0,300,44,
BSS0206,Zthuzene,440,0,133.33333333333,120,
BSS0306,Ithaluthe-Esel,880.90909090909,0,462.5,110,
BSS0401,Hovatha-Hauthu,1550.5714285714,0,571.42857142857,150,
XEL0307,Juggernaut,646.60606060606,0,0,44,MuzzleSalvoSize_Overridden,MuzzleSalvoSize_Overridden,MuzzleSalvoSize_Overridden,
XRS0402,SeaDragon Class,2906.6666666667,240,640,165,MuzzleSalvoSize_Overridden,
SAA0106,Saksinokka,0,40,0,24,
SAA0201,Beguiler,0,0,0,0,
SAA0211,Impaler,150,0,0,55,
SAA0306,Solaris,576,0,576,44,
SAA0314,Shrieker,1336,300,0,150,
SAB0401,Independence Engine,0,0,0,0,
SAB2103,Charis,75,0,0,55,
SAB2220,Molehill,0,0,0,1,Unknown Type,
SAB2221,Mound,0,0,0,5,Unknown Type,
SAB2222,Mountain,0,0,0,30,
SAB2306,Orbos,320,0,0,55,
SAB2308,Flash Flood,0,500,0,75,
SAB2311,Nihiloid,290.32258064516,0,0,128,
SAB4401,Pillar of Prominence,0,0,0,0,
SAB5104,Pedestal,0,0,0,0,
SAB5210,Medium Wall Segment,0,0,0,0,
SAB5301,Aegis,0,0,0,0,
SAL0209,Butler,0,0,0,0,
SAL0311,Moldavite,460,0,0,37,
SAL0319,Bilmon,0,0,0,0,
SAL0320,Alchemist,0,0,360,42,
SAL0321,Scarab,0,0,0,75,
SAL0323,Rupture,0,0,0,22,
SAL0324,Metatron,0,0,0,0,
SAL0401,Absolution,1200,0,0,120,
SEA0002,Burning Star,0,0,0,0,
SEA0106,Seagull,0,45,0,42,
SEA0201,UX Dragonlady,0,0,0,0,
SEA0211,Tornado,171.42857142857,0,11.428571428571,55,
SEA0307,Albatross,45.714285714286,375,45.714285714286,35,
SEA0310,Wild Weasel,0,0,0,0,
SEA0314,Lancer,1216,240,0,150,
SEA0401,Centurion,2822.4899598394,0,3403.3333333333,58,
SEB0401,Gantry,0,0,0,0,
SEB2103,Poker,75,0,0,55,
SEB2211,Stouty,124.13793103448,0,0,52,
SEB2220,AP-12 Trapper,0,0,0,1,Unknown Type,
SEB2221,AM-24 Anti-Armor,0,4500,0,5,
SEB2222,AM-36 Trinity,0,0,0,30,
SEB2308,Harpoon,0,375,0,75,
SEB2311,Guardian,490.90909090909,0,0,100,
SEB2320,Hiro,270,0,0,65,MuzzleSalvoSize_Overridden,
SEB2401,Excalibur,625,0,0,162,
SEB2402,Mummy,0,0,4444.4444444444,52,
ZZZ2402,None,0,0,0,0,
SEB2404,Ivan,50,0,0,2000,
SEB3303,Recon Sat Center,0,0,0,0,
SEB3404,Panopticon,0,0,0,0,
SEB4303,Recoil,0,0,0,0,
SEB4401,BFS - Nullifier,0,0,0,0,
SEB5104,Resupply,0,0,0,0,
SEB5210,GDI,0,0,0,0,
SEB5310,Citadel,0,0,0,0,
SEB5311,Harrow,0,0,0,0,
SEB5381,Superhot,0,0,0,0,
SEL0119,Wally,22.5,0,0,16,
SEL0319,Custodian,60,0,0,22,
SEL0320,Archimedes,162.33333333333,0,0,80,
SEL0321,Aster,0,0,0,75,
SEL0324,NG3 Longbow,0,0,360,55,
SES0219,Fixxie Class,0,0,72,44,MuzzleSalvoSize_Overridden,
SES0319,Patch Class,0,89.538461538462,60,46,
SRA0106,Gannet,0,40,0,26,
SRA0201,Blade Raven,0,0,0,0,
SRA0211,Reaper,160,0,0,55,
SRA0306,Night Skimmer,287.36842105263,0,240,40,
SRA0307,Zenith,0,300,0,34,
SRA0313,Twilight Patron,492,0,984,42,
SRA0314,Sanguine Tyrant,1156,240,0,150,
SRB0401,Arthrolab,0,0,0,0,
SRB2103,Little Bertha,75,0,0,55,
SRB2220,Mutter,0,900,0,1,
SRB2221,Whisper,0,4500,0,5,
SRB2222,Silencer,0,0,0,30,
SRB2306,Hades,375,0,0,52,
SRB2311,Punisher,175,0,0,110,
SRB2391,Tesla Coil,3.3571428571429,0,0.5,25,
SRB2402,Neolith,1363.6363636364,0,0,84,MuzzleSalvoSize_Overridden,
SRB4401,Iron Curtain,0,0,0,0,
SRB4402,Darkness,0,0,0,2000,Unknown Type,
SRB5104,Ravitailler,0,0,0,0,
SRB5210,Bulkhead,0,0,0,0,
SRB5310,Procyon Defiance,0,0,0,0,
SRB5311,Procyon Offering,0,0,0,0,
SRB5312,Procyon Defiance,0,0,0,0,
SRB5380,Deadshot,0,0,0,0,
SRL0000,Crab Egg (Destroyer),0,0,0,0,
SRL0000_1,Crab Egg (Field Engineer),0,0,0,0,
SRL0000_2,Crab Egg (Stealth),0,0,0,0,
SRL0000_3,Crab Egg (Missile),0,0,0,0,
SRL0000_4,Crab Egg (Hedgehog),0,0,0,0,
SRL0000_5,Crab Egg (MRL),0,0,0,0,
SRL0000_6,Crab Egg,0,0,0,0,
SRL0209,Wilson,25,0,0,22,
SRL0311,Hexatron,129.23076923077,0,0,84,
SRL0316,Operative,0,0,0,0,
SRL0319,House,25,0,0,22,
SRL0320,Slink,352.94117647059,0,352.94117647059,50,
SRL0321,Hedgehog,0,0,0,75,
SRL0324,Adramelech,0,0,0,0,
SRL0401,Abyss Crawler,857.14285714286,25,0,55,MuzzleSalvoSize_Overridden,
SRS0219,Barwick Class,0,0,72,44,
SRS0319,Stillson Class,0,61.976470588235,72,48,
SSA0001,Storage,0,0,0,0,
SSA0002,Hologram,0,0,0,0,
SSA0106,Sou-ioz,0,40,0,28,
SSA0201,Selia,0,0,0,0,
SSA0211,Sinn,170,0,0,55,
SSA0305,Vulthuum,245,0,105,30,
SSA0306,Vishuum,141.42857142857,0,142.85714285714,38,
SSA0307,Souioz,0,192,0,32,
SSA0314,Sinnaino,1246,300,0,150,
SSB0401,Souiya,0,0,0,0,
SSB2103,Thaam-atha,133.33333333333,0,0,55,
SSB2220,Othe,0,0,0,1,Unknown Type,
SSB2221,Zhanasee,0,0,0,5,Unknown Type,
SSB2222,Inaino,0,0,0,30,
SSB2306,Othuushala,400,0,0,55,
SSB2311,Sinn Unthe,300,0,0,100,
SSB2380,Uttaus,0.2,0,0,26,
SSB2404,Suthanus,909.09090909091,0,0,2000,
SSB3301,Aezselen,0,0,0,0,
Large,Iaathanah,0,0,0,0,
Small,Iaathanahee,0,0,0,0,
SSB4401,Iaathan,0,0,0,0,
SSB5104,Iathu-uhthe,0,0,0,0,
SSB5210,Haas-haas,0,0,0,0,
SSB5301,Athahaas,0,0,0,0,
SSB5401,Chappa'ko,0,0,0,0,
SSL0001,Hologram,0,0,0,0,
SSL0219,Iyazyn,28.571428571429,0,0,18,
SSL0311,Ilshatha,183.33333333333,0,0,25,
SSL0319,Iyazyne,57.142857142857,0,0,20,
SSL0320,Atha-Ythia,0,0,366.66666666667,50,
SSL0321,Ythhu,0,0,0,75,
SSL0324,Yenesel,0,0,0,0,
SSL0403,Iyadesu,1000,0,0,40,
SSS0305,Aezhou,0,0,0,0,
SSS0306,Uosthuum,0,481.81818181818,0,80,
ZZZ2220,None,0,0,0,0,
ZZZ5301,None,0,0,0,0,
ZZZ0001,3310,0,0,0,0,
ZZZ0002,LOUD,0,0,0,0,
ZZZ0003,3310,0,0,0,0,
HITBOX01,None,0,0,0,0,
BAB1106,None,0,0,0,0,
BAB1302,None,0,0,0,0,
BEB1106,None,0,0,0,0,
BEB1302,None,0,0,0,0,
BRB1106,None,0,0,0,0,
BRB1302,None,0,0,0,0,
BSB1106,None,0,0,0,0,
BAB1302,None,0,0,0,0,
UAB1103,None,0,0,0,0,
UAB1104,None,0,0,0,0,
UAB1105,None,0,0,0,0,
UAB1106,None,0,0,0,0,
UAB1201,None,0,0,0,0,
UAB1202,None,0,0,0,0,
UAB1301,None,0,0,0,0,
UAB1302,Advanced Mass Extractor,0,0,0,0,
UAB1303,None,0,0,0,0,
UAB4301,None,0,0,0,0,
UAB8765,None,0,0,0,0,
UABSSG01,None,0,0,0,0,
UEB1103,None,0,0,0,0,
UEB1104,None,0,0,0,0,
UEB1105,None,0,0,0,0,
UEB1106,None,0,0,0,0,
UEB1201,None,0,0,0,0,
UEB1202,None,0,0,0,0,
UEB1301,None,0,0,0,0,
UEB1302,Advanced Mass Extractor,0,0,0,0,
UEB1303,None,0,0,0,0,
UEB4301,None,0,0,0,0,
UEB8765,None,0,0,0,0,
UEBSSG01,None,0,0,0,0,
URB1103,None,0,0,0,0,
URB1104,None,0,0,0,0,
URB1105,None,0,0,0,0,
URB1106,None,0,0,0,0,
URB1201,None,0,0,0,0,
URB1202,None,0,0,0,0,
URB1301,None,0,0,0,0,
URB1302,None,0,0,0,0,
URB1303,None,0,0,0,0,
URB4207,None,0,0,0,0,
URB8765,None,0,0,0,0,
URBSSG01,None,0,0,0,0,
XSA0402,Ahwassa,2800,0,1600,60,
XSB1103,None,0,0,0,0,
XSB1104,None,0,0,0,0,
XSB1105,None,0,0,0,0,
XSB1106,None,0,0,0,0,
XSB1201,None,0,0,0,0,
XSB1202,None,0,0,0,0,
XSB1301,None,0,0,0,0,
XSB1302,Advanced Mass Extractor,0,0,0,0,
XSB1303,None,0,0,0,0,
UAB4301,None,0,0,0,0,
XSB8765,None,0,0,0,0,
XSBSSG01,None,0,0,0,0,
BAB1304,Advanced Hydrocarbon Plant & Storage,0,0,0,0,
BEB1304,HCPP - X3000,0,0,0,0,
BRB1304,Adv. Hydrocarbon Power Plant & Storage,0,0,0,0,
BSB1304,Uya-atoh,0,0,0,0,
UAB1107,Mass Fabricator & Storage,0,0,0,0,
UAB1203,Improved Power Generator & Storage,0,0,0,0,
UAB1304,Advanced Mass Extractor & Storage,0,0,0,0,
UAB1305,Advanced Mass Fabricator & Storage,0,0,0,0,
UAB1306,Advanced Power Generator & Storage,0,0,0,0,
UAB4303,Radiance,0,0,0,0,
UEB1107,Mass Fabricator & Storage,0,0,0,0,
UEB1203,Improved Power Generator & Storage,0,0,0,0,
UEB1304,Advanced Mass Extractor & Storage,0,0,0,0,
UEB1305,Advanced Mass Fabricator & Storage,0,0,0,0,
UEB1306,Advanced Power Generator & Storage,0,0,0,0,
UEB4303,HSD Pulse,0,0,0,0,
URB1107,Mass Fabricator & Storage,0,0,0,0,
URB1203,Improved Power Generator & Storage,0,0,0,0,
URB1304,Advanced Mass Extractor & Storage,0,0,0,0,
URB1305,Advanced Mass Fabricator & Storage,0,0,0,0,
URB1306,Advanced Power Generator & Storage,0,0,0,0,
URB4303,ED5,0,0,0,0,
XSB1107,Mass Fabricator & Storage,0,0,0,0,
XSB1203,Improved Power Generator & Storage,0,0,0,0,
XSB1304,Advanced Mass Extractor & Storage,0,0,0,0,
XSB1305,Advanced Mass Fabricator & Storage,0,0,0,0,
XSB1306,Advanced Power Generator & Storage,0,0,0,0,
XSB4303,Heavy Shield Generator & Storage,0,0,0,0,
lab2320,Zion,795,0,0,155,
lea0401,Lucidity,9333.3333333333,0,2000,90,
leb2320,Jackhammer,900,0,0,155,
lrb2320,Trigger,720,0,0,155,
lsb2320,Incubus,650,0,0,160,
UAB0305,Quantum Teleporter,0,0,0,0,
UAB8765,Resource Storage Facility,0,0,0,30,
UABSSG01,Luminesc,0,0,0,0,
UABSSG02,Luminesc,0,0,0,0,
UALX401,Angel,0,0,0,100,
UEB0305,Quantum Teleporter,0,0,0,0,
UEB8765,Resource Storage Facility,0,0,0,30,
UEBSSG01,SSD Hope,0,0,0,0,
UEBSSG02,SSD Hope,0,0,0,0,
URB0305,Quantum Teleporter,0,0,0,0,
URB8765,Resource Storage Facility,0,0,0,1,
URBSSG01,ED-X,0,0,0,0,
URBSSG02,ED-X,0,0,0,0,
VAB2302,Apparitioner,0,0,4000,89,
VEB2302,Flayer II,0,0,4000,89,
VRB2302,Sky Bloom,0,0,4000,89,
VSB2302,Tuvatham,0,0,4000,89,
WAB0201,Saviour,0,0,0,0,
WEL0404,Fatboy II,4707.6923076923,0,0,90,MuzzleSalvoSize_Overridden,MuzzleSalvoSize_Overridden,MuzzleSalvoSize_Overridden,MuzzleSalvoSize_Overridden,MuzzleSalvoSize_Overridden,
WEL0405,King Kraptor,4920,0,800,128,MuzzleSalvoSize_Overridden,MuzzleSalvoSize_Overridden,MuzzleSalvoSize_Overridden,
WRL0404,Megaroach,4150,0,920,78,
WSB0104,Dehgarwof,0,0,0,0,
WSL0405,Echibum,5600,0,1000,80,
XSB0305,Quantum Teleporter,0,0,0,0,
XSB8765,Hala-Vishual,0,0,0,1,
XSBSSG01,Thanatos,0,0,0,0,
XSBSSG02,Thanatos,0,0,0,0,
xSS0403,Vergra,571.42857142857,0,1760,110,
uab0301,None,0,0,0,0,
uab0302,None,0,0,0,0,
uab0303,None,0,0,0,0,
uab2304,None,0,0,0,0,
UAB4203,Veil,0,0,0,0,
uab5202,None,0,0,0,0,
ueb0301,None,0,0,0,0,
ueb0302,None,0,0,0,0,
ueb0303,None,0,0,0,0,
ueb2304,None,0,0,0,0,
UEB4203,Scattershield,0,0,0,0,
ueb5202,None,0,0,0,0,
urb0301,None,0,0,0,0,
urb0302,None,0,0,0,0,
urb0303,None,0,0,0,0,
urb2304,None,0,0,0,0,
URB4203,Twilight,0,0,0,0,
urb5202,None,0,0,0,0,
xsb0301,None,0,0,0,0,
xsb0302,None,0,0,0,0,
xsb0303,None,0,0,0,0,
xsb2304,None,0,0,0,0,
XSB4203,Sele-ioz,0,0,0,0,
xsb5202,None,0,0,0,0,
UAB4304,Shador,0,0,0,0,
UEB4304,Obfuscator,0,0,0,0,
URB4304,BlackOut,0,0,0,0,
XSB4304,Ultha Sele-ioz,0,0,0,0,
BRMST3BOM,Magna Class,625,80,240,165,MuzzleSalvoSize_Overridden,
BRMT1BT,Scarab,40,0,0,22,
BRMT1EXM1,Proton,54,0,0,28,
BRMT1EXPD,Pen,150,0,150,32,
BRMT1EXPDT2,Dual Pen,153.84615384615,0,0,34,
BRMT1PD,SlyFox,150,0,0,32,
BRMT2EPD,Anode,228.57142857143,0,228.57142857143,50,
BRMT2HT,Hippo,105,0,0,42,
BRMT2MEDM,Immortal,129.6,0,0,40,
BRMT2PD,SlingShot,180,0,0,48,
BRMT3AVA,Avalanche,7290,0,0,110,MuzzleSalvoSize_Overridden,MuzzleSalvoSize_Overridden,MuzzleSalvoSize_Overridden,
BRMT3BM2,Dervish,695,0,0,52,
BRMT3BT,Mastodon,220,0,0,42,
BRMT3LZT,Trilobyte,183.33333333333,0,183.33333333333,40,
BRMT3MCM,MadCat,2010,0,0,48,MuzzleSalvoSize_Overridden,
BRMT3MCM2,MadBolo,1972.7272727273,0,0,50,
BRMT3ML,Pavestone,120,0,0,84,
BRMT3PD,Tripple Threat,415.38461538462,0,0,65,
BRMT3PDRO,Agronar,422.4,0,0,100,
BRMT3VUL,Vulture,828.20512820513,0,0,50,
BRNT1EXPD,Mayor,75,0,75,34,
BRNT1HPD,Thug,138.46153846154,0,0,34,
BRNT2BM,Banshee,96,0,0,36,
BRNT2EPD,Tower Boss,240,0,0,54,
BRNT2MT,Statue,48,0,0,32,
BRNT2PD2,Angry Ace,180,0,0,50,MuzzleSalvoSize_Overridden,
BRNT3ABB,IronFist,564.28571428571,0,0,38,
BRNT3BLASP,Blood Asp,3304.347826087,0,0,58,
BRNT3BT,Bull,320,0,0,48,MuzzleSalvoSize_Overridden,
BRNT3OW,Owens,1315.6626506024,0,320,44,
BRNT3PDRO,Rocket Pad,400,0,0,100,
BRNT3SHBM,Mayhem,5370,266.66666666667,880,132,
BRNT3SHPD,Blockhouse,3440,0,880,105,
BRNT3WT,WarHammer,180,0,0,40,MuzzleSalvoSize_Overridden,
BROT1BT,Hervour,42,0,0,23,
BROT1EXM1,Medusa,70.294117647059,0,0,28,
BROT1EXPD,Mizura,148,0,148,34,
BROT1HPD,Zpyker,142.85714285714,0,0,32,
BROT1ML,Wavecrest,57.6,0,0,42,
BROT1MT,Bonfire,30,0,0,20,
BROT2ASB,Amphorak,90,0,0,32,
BROT2EPD,Daelek,228.57142857143,0,240,52,
BROT3BT,Transoma,435,0,0,48,
BROT3HAM,Ezriel,661.53846153846,0,0,58,
BROT3HM,Spectre,560,0,0,38,
BROT3NCM,Eliash,2761.1111111111,0,400,65,MuzzleSalvoSize_Overridden,
BROT3PDRO,Zheela,402,0,0,100,
BROT3SHBM,Elias,1910,0,0,65,
BROT3SHPD,Mothra,1806.4516129032,0,507.69230769231,95,
BRPAT2BOMBER,Vesinnee,240,0,0,40,
BRPAT2FIGBO,Uhthesinn,200,0,200,35,
BRPAT3GUNSHIP,Ia-Usla,394,0,144,34,
BRPEXBOT,Yenah-lao,1250,0,0,48,
BRPEXBTBOT,Tha-Yath,583.33333333333,0,205.71428571429,40,
BRPEXHVBOT,Athusil,3200,0,800,48,
BRPEXPD,Heth-Athala,850,0,850,80,
BRPEXSHBM,Thaez-Atha,2667.6470588235,0,600,120,
BRPEXTANK,Yath-Us,722.22222222222,0,0,42,
BRPT1EXM1,Othazyne,48,0,0,27,
BRPT1HT,Yenshavoh,26,0,0,23,
BRPT1PD,Hethula-Uttaus,160,0,0,32,
BRPT2BTBOT,Iltha,120,0,0,30,
BRPT2PD,Ve-Us,266.66666666667,0,266.66666666667,50,
BRPT3BOT,Thaam-Thuum,585.33333333333,0,0,46,
BRPT3BT,Hethaamah,520,0,0,33,
BRPT3ML,Heth-Zthuha,87.719298245614,0,0,90,
BRPT3PD,Athaamla,410,0,0,67,
BAA0001,Tempest Defense Drone,50,50,0,30,MuzzleSalvoSize_Overridden,
BAA0309,Illuminate,90,0,240,36,
BRA0309,Vanisher,47.368421052632,0,240,40,
BSA0309,Vishathal-Atah,70,0,314.28571428571,38,
DAA0206,Mercy,170,0,170,22,
DAL0310,Absolver,10,0,0,60,
DEA0202,Janus,240,0,120,40,
DEL0204,Mongoose,78.470588235294,0,0,30,
DRA0202,Talon,198.57142857143,0,78.571428571429,36,
DRL0204,Hoplite,54.545454545455,0,0,42,
SEB1401,Apotheosis,0,0,0,168,
SRB1401,Demiurge,0,0,0,168,
SSB1401,Uyahyaliyaiya,0,0,0,168,
UAA0101,Mirage,0,0,0,0,
UAA0102,Conservator,56,0,56,30,
UAA0103,Shimmer,110,0,0,40,
UAA0104,Aluminar,30,0,102,30,
UAA0107,Chariot,0,0,0,0,
UAA0203,Specter,80,0,0,22,
UAA0204,Skimmer,0,96,0,24,
UAA0302,Seer,0,0,0,0,
UAA0303,Corona,410,0,410,40,
UAA0304,Shocker,690,0,0,90,
UAA0310,CZAR,11000,500,3000,52,
UAB0101,Basic Land Factory,0,0,0,0,
UAB0102,Basic Air Factory,0,0,0,0,
UAB0103,Basic Naval Factory,0,0,0,0,
UAB0201,Improved Land Factory,0,0,0,0,
UAB0202,Improved Air Factory,0,0,0,0,
UAB0203,Improved Naval Factory,0,0,0,0,
UAB0301,Advanced Land Factory,0,0,0,0,
UAB0302,Advanced Air Factory,0,0,0,0,
UAB0303,Advanced Naval Factory,0,8,0,30,
UAB0304,Quantum Gateway,0,0,0,0,
UAB1101,Basic Power Generator,0,0,0,0,
UAB1102,Basic Hydrocarbon Power Plant,0,0,0,0,
UAB1103,Basic Mass Extractor,0,0,0,0,
UAB1104,Mass Fabricator,0,0,0,0,
UAB1105,Basic Energy Storage,0,0,0,0,
UAB1106,Basic Mass Storage,0,0,0,0,
UAB1201,Improved Power Generator,0,0,0,0,
UAB1202,Improved Mass Extractor,0,0,0,0,
UAB1301,Advanced Power Generator,0,0,0,0,
UAB1302,Advanced Mass Extractor,0,0,0,0,
UAB1303,Advanced Mass Fabricator,0,0,0,0,
UAB2101,Erupter,166.66666666667,0,0,26,
UAB2104,Seeker,0,0,84,44,
UAB2105,Improved Energy Storage,0,0,0,0,
UAB2106,Improved Mass Storage,0,0,0,0,
UAB2108,Serpentine,1200,0,0,240,
UAB2109,Tide,0,100,0,45,
UAB2204,Marr,0,0,750,44,RackSalvoFiresAfterCharge_ComboWarn,
UAB2205,Wave Break,0,242.42424242424,0,60,
UAB2301,Oblivion,150,0,0,44,
UAB2302,Emissary,952.38095238095,0,0,900,
UAB2303,Miasma,147.22222222222,0,0,125,
UAB2304,Transcender,0,0,440,55,
UAB2305,Apocalypse,0,0,0,20000,
UAB3101,Basic Radar System,0,0,0,0,
UAB3102,Sonar System,0,0,0,0,
UAB3104,Oculus,0,0,0,0,
UAB3105,Advanced Energy Storage,0,0,0,0,
UAB3106,Advanced Mass Storage,0,0,0,0,
UAB3201,Improved Radar System,0,0,0,0,
UAB3202,Improved Sonar System,0,0,0,0,
UAB3304,Marriss,0,0,280,50,
UAB4201,Volcano,0,0,0,22,
UAB4202,Shield of Light,0,0,0,0,
UAB4203,Veil,0,0,0,0,
UAB4301,Radiance,0,0,0,0,
UAB4302,Patron,0,0,60.240963855422,100,
UAB5101,Wall Section,0,0,0,0,
UAB5102,Aeon Transport Beacon,0,0,0,0,
UAB5103,Aeon Quantum Gate Beacon,0,0,0,0,
UAB5202,Cradle,0,0,0,0,
UAC1301,Aeon Administrative Structure,0,0,0,0,
UAL0001,Armored Command Unit,3736.5636363636,0,0,22,
UAL0101,Spirit,2,0,0,18,
UAL0103,Fervor,32,0,0,36,
UAL0104,Thistle,0,0,24,34,
UAL0105,Engineer,0,0,0,0,
UAL0106,Flare,15,0,0,18,
UAL0111,Evensong,60,0,0,75,
UAL0201,Aurora,28.571428571429,0,0,22,
UAL0202,Obsidian,100,0,0,25,
UAL0205,Ascendant,0,0,144,40,
UAL0208,Engineer,0,0,0,0,
UAL0301,Support Armored Command Unit,200,0,200,30,
UAL0303,Harbinger,333.33333333333,0,0,28,
UAL0304,Serenity,100,0,0,92,
UAL0307,Asylum,0,0,0,0,
UAL0308,Refuge,0,0,0,0,
UAL0309,T3 Engineer,0,0,0,0,
UAL0401,Galactic Colossus,2800.02,0,0,40,
UAM0004,Wall Section,0,0,0,0,
UAS0102,Shard,0,0,120,46,
UAS0103,Beacon Class,112.5,2.3529411764706,0,38,
UAS0201,Exodus Class,250,86,0,55,
UAS0202,Infinity Class,140,0,320,55,
UAS0203,Sylph,0,60.606060606061,0,32,
UAS0302,Omen Class,600,0,0,100,
UAS0303,Keefer Class,0,0,800,60,
UAS0304,Silencer,240,2.5,0,1536,
UAS0305,Mobile Sonar Platform,2.3529411764706,0,0,18,
UAS0401,Tempest,1818.1818181818,608,0,175,
UEA0001,C-D1 "Rover",0,0,0,0,
UEA0003,C-D2 "Rover",0,0,0,0,
UEA0101,Hummingbird,0,0,0,0,
UEA0102,Cyclone,60,0,60,30,
UEA0103,Scorcher,120,0,0,40,
UEA0104,Star Lifter,30,0,80,30,
UEA0107,Courier,0,0,0,0,
UEA0203,Stinger,78,0,0,22,
UEA0204,Stork,0,96,0,25,
UEA0302,Blackbird,0,0,0,0,
UEA0303,Wasp,410,0,410,40,
UEA0304,Ambassador,600,0,48,90,
UEA0305,Broadsword,260,0,48,34,
UEB0101,Basic Land Factory,0,0,0,0,
UEB0102,Basic Air Factory,0,0,0,0,
UEB0103,Basic Naval Factory,0,0,0,0,
UEB0201,Improved Land Factory,0,0,0,0,
UEB0202,Improved Air Factory,0,0,0,0,
UEB0203,Improved Naval Factory,0,0,0,0,
UEB0301,Advanced Land Factory,0,0,0,0,
UEB0302,Advanced Air Factory,0,0,0,0,
UEB0303,Advanced Naval Factory,0,4.7058823529412,0,30,
UEB0304,Quantum Gateway,0,0,0,0,
UEB1101,Basic Power Generator,0,0,0,0,
UEB1102,Basic Hydrocarbon Power Plant,0,0,0,0,
UEB1103,Basic Mass Extractor,0,0,0,0,
UEB1104,Mass Fabricator,0,0,0,0,
UEB1105,Basic Energy Storage,0,0,0,0,
UEB1106,Basic Mass Storage,0,0,0,0,
UEB1201,Improved Power Generator,0,0,0,0,
UEB1202,Improved Mass Extractor,0,0,0,0,
UEB1301,Advanced Power Generator,0,0,0,0,
UEB1302,Advanced Mass Extractor,0,0,0,0,
UEB1303,Advanced Mass Fabricator,0,0,0,0,
UEB2101,Plasma Cannon,166.66666666667,0,0,26,
UEB2104,Railgun,0,0,84,44,MuzzleSalvoSize_Overridden,
UEB2105,Improved Energy Storage,0,0,0,0,
UEB2106,Improved Mass Storage,0,0,0,0,
UEB2108,Aloha,1200,0,0,240,
UEB2109,DN1,0,100,0,45,
UEB2204,Air Cleaner,0,0,142.85714285714,44,
UEB2205,Tsunami,0,242.42424242424,0,60,
UEB2301,Triad,150,0,0,44,MuzzleSalvoSize_Overridden,
UEB2302,Duke,450,0,0,850,
UEB2303,Klink Hammer,166.66666666667,0,0,125,
UEB2304,Flayer,0,0,435,55,
UEB2305,Stonager,0,0,0,20000,
UEB2401,Mavor,1750,0,0,4000,
UEB3101,Basic Radar System,0,0,0,0,
UEB3102,Basic Sonar System,0,0,0,0,
UEB3104,Omni Sensor Array,0,0,0,0,
UEB3105,Advanced Energy Storage,0,0,0,0,
UEB3106,Advanced Mass Storage,0,0,0,0,
UEB3201,SA2 - 2000,0,0,0,0,
UEB3202,Improved Sonar System,0,0,0,0,
UEB3304,Nailer,0,0,288,50,
UEB4201,Buzzkill,0,0,0,30,
UEB4202,SD - Pulse,0,0,0,0,
UEB4203,Scattershield,0,0,0,0,
UEB4301,HSD Pulse,0,0,0,0,
UEB4302,Nuke Eliminator,0,0,60.240963855422,100,
UEB5101,Calcicrete,0,0,0,0,
UEB5102,UEF Transport Beacon,0,0,0,0,
UEB5103,UEF Quantum Gate Beacon,0,0,0,0,
UEB5202,Refuel & Repair,0,0,0,0,
UEB5204,Concrete,0,0,0,0,
UEC0001,UEF Civilian Truck,0,0,0,0,
UEC1101,UEF Residential Building,0,0,0,0,
UEC1201,UEF Science Lab,0,0,0,0,
UEC1301,UEF Administrative Building,0,0,0,0,
UEC1401,UEF Agricultural Center,0,0,0,0,
UEC1501,UEF Manufacturing Facility,0,0,0,0,
UEC1901,UEF Black Sun,0,0,0,0,
UEC1902,UEF Black Sun Control Center,0,0,0,0,
UEC1903,UEF Black Sun Support,0,0,0,0,
UEC1904,UEF Black Sun Tower,0,0,0,0,
UEC1905,UEF Black Sun Crane,0,0,0,0,
UEC1906,UEF Black Sun Crane,0,0,0,0,
UEC1907,UEF Black Sun Building,0,0,0,0,
UEL0001,Armored Command Unit,5036.3636363636,0,0,256,
UEL0101,Snoop,3,0,0,18,
UEL0103,Lobo,30,0,0,36,
UEL0104,Archer,0,0,25.714285714286,34,MuzzleSalvoSize_Overridden,
UEL0105,T1 Engineer,0,0,0,0,
UEL0106,Mech Marine,16.666666666667,0,0,18,
UEL0111,Flapjack,60,0,0,75,
UEL0201,Striker,24,0,0,20,
UEL0202,Pillar,53.846153846154,0,0,24,MuzzleSalvoSize_Overridden,
UEL0203,Riptide,93.333333333333,0,0,21,MuzzleSalvoSize_Overridden,
UEL0205,Sky Boxer,0,0,144,40,
UEL0208,T2 Engineer,0,0,0,0,
UEL0301,Support Armored Command Unit,100,0,100,30,
UEL0303,Titan,200,0,0,25,
UEL0304,Demolisher,104.4776119403,0,0,92,
UEL0307,Parashield,0,0,0,0,
UEL0308,Veloshield,0,0,0,0,
UEL0309,T3 Engineer,0,0,0,0,
UEL0401,Fatboy,2733.3333333333,176,320,88,MuzzleSalvoSize_Overridden,MuzzleSalvoSize_Overridden,
UEM0006,Calcicrete 2.0,0,0,0,0,
UES0103,Thunderhead Class,65,0,72,44,MuzzleSalvoSize_Overridden,
UES0201,Valiant Class,240,89.538461538462,60,60,
UES0202,Governor Class,160,0,320,95,
UES0203,Tigershark,25,66,0,32,
UES0302,Summit Class,554.72727272727,2,265.71428571429,100,
UES0304,Ace,360,0,0,1536,
UES0305,Mobile Sonar Platform,0,75,0,48,
UES0401,Atlantis,0,533.33333333333,695.65217391304,65,
URA0001,Build Bot,0,0,0,0,
URA0101,Peeker,0,0,0,0,
URA0102,Prowler,56,0,56,30,
URA0103,Zeus,120,0,0,40,
URA0104,Dragon Fly,30,0,60,30,
URA0107,Skyhook,0,0,0,0,
URA0203,Sky Spider,80,0,0,24,
URA0204,Cormorant,0,100,0,26,
URA0302,Spook,0,0,0,0,
URA0303,Gemini,408,0,408,48,
URA0304,Revenant,606,0,56,90,
URA0401,Soul Ripper,2290,0,800,53,
URB0101,Basic Land Factory,0,0,0,0,
URB0102,Basic Air Factory,0,0,0,0,
URB0103,Basic Naval Factory,0,0,0,0,
URB0201,Improved Land Factory,0,0,0,0,
URB0202,Improved Air Factory,0,0,0,0,
URB0203,Improved Naval Factory,0,0,0,0,
URB0301,Advanced Land Factory,0,0,0,0,
URB0302,Advanced Air Factory,0,0,0,0,
URB0303,Advanced Naval Factory,0,3.0769230769231,0,25,
URB0304,Quantum Gateway,0,0,0,0,
URB1101,Basic Power Generator,0,0,0,0,
URB1102,Basic Hydrocarbon Power Plant,0,0,0,0,
URB1103,Basic Mass Extractor,0,0,0,0,
URB1104,Mass Fabricator,0,0,0,0,
URB1105,Basic Energy Storage,0,0,0,0,
URB1106,Basic Mass Storage,0,0,0,0,
URB1201,Improved Power Generator,0,0,0,0,
URB1202,Improved Mass Extractor,0,0,0,0,
URB1301,Advanced Power Generator,0,0,0,0,
URB1302,Advanced Mass Extractor,0,0,0,0,
URB1303,Advanced Mass Fabricator,0,0,0,0,
URB2101,Auto Gun,166.66666666667,0,0,26,
URB2104,Tracer,0,0,168,44,
URB2105,Improved Energy Storage,0,0,0,0,
URB2106,Improved Mass Storage,0,0,0,0,
URB2108,TML-4,960,0,0,240,
URB2109,Scuttle,0,100,0,45,
URB2204,Sky Web,0,0,152,44,
URB2205,Tentacle,0,200,0,60,
URB2301,Cerberus,150,0,0,44,
URB2302,Disruptor,425,0,0,850,
URB2303,Gunther,133.33333333333,0,0,125,
URB2304,Myrmidon,0,0,440,55,
URB2305,Liberator,0,0,0,20000,
URB3101,Basic Radar System,0,0,0,0,
URB3102,Basic Sonar System,0,0,0,0,
URB3104,Omni Sensor Array,0,0,0,0,
URB3105,Advanced Energy Storage,0,0,0,0,
URB3106,Advanced Mass Storage,0,0,0,0,
URB3201,Improved Radar System,0,0,0,0,
URB3202,Flood,0,0,0,0,
URB3304,Sky Net,0,0,280,50,MuzzleSalvoSize_Overridden,
URB4201,Zapper,0,0,0,30,
URB4202,ED1,0,0,0,0,
URB4203,Twilight,0,0,0,0,
URB4204,ED2,0,0,0,0,
URB4205,ED3,0,0,0,0,
URB4206,ED4,0,0,0,0,
URB4207,ED5,0,0,0,0,
URB4302,Guardian,0,0,100,100,
URB5101,Wall Section,0,0,0,0,
URB5102,Cybran Transport Beacon,0,0,0,0,
URB5103,Quantum Gate Beacon,0,0,0,0,
URB5202,Air Staging Facility,0,0,0,0,
URL0001,Armored Command Unit,7615.1515151515,250,0,60,
URL0101,Mole,0,0,0,0,
URL0103,Medusa,30,0,0,36,
URL0104,Sky Slammer,10,0,24,38,
URL0105,T1 Engineer,0,0,0,0,
URL0106,Hunter,15,0,0,18,
URL0107,Mantis,24,0,0,20,
URL0111,Viper,60.606060606061,0,0,75,
URL0202,Rhino,144,0,0,25,MuzzleSalvoSize_Overridden,
URL0203,Wagner,65,20,0,38,
URL0205,Banger,0,0,150,40,
URL0208,T2 Engineer,0,0,0,0,
URL0301,Support Armored Command Unit,200,0,860,60,
URL0303,Loyalist,210.88961038961,0,0.5,25,
URL0304,Trebuchet,96,0,0,92,
URL0306,Deceiver,0,0,0,0,
URL0307,Deviator,0,0,0,0,
URL0309,T3 Engineer,0,0,0,0,
URL0401,Scathis,1300,0,0,3200,
URL0402,Monkeylord,3428.5714285714,200,400,55,MuzzleSalvoSize_Overridden,
URM0004,Wall Section,0,0,0,0,
URS0103,Trident Class,60,0,72,44,
URS0201,Salem Class,220,61.976470588235,72,55,MuzzleSalvoSize_Overridden,
URS0202,Siren Class,290,0,461.53846153846,60,
URS0203,Sliver,20,60,0,32,
URS0302,Galaxy Class,175,120,240,110,
URS0303,Command Class,0,0,480,50,
URS0304,Plan B,300,120,0,1536,
URS0305,Flood XR,0,0,0,0,
XAA0202,Swift Wind,180,0,180,35,
XAA0305,Restorer,186,0,120,38,
XAA0306,Solace,0,200,0,32,
XAB1401,Paragon,0,0,0,168,
XAB2307,Salvation,32,0,0,2500,
XAB3301,Eye of Rhianne,0,0,0,0,
XAL0203,Blaze,80,0,0,24,
XAL0305,Sprite Striker,140,0,0,70,
XAS0204,Vesper,0,123.21212121212,0,45,
XAS0306,Torrent Class,550,8,0,200,
XEA0002,Intelligence Satellite,0,0,0,0,
XEA0306,Continental,70,0,300,45,
XEA3204,C-D2 "Rover-2",0,0,0,0,
XEB0104,Kennel,0,0,0,0,
XEB0204,Kennel,0,0,0,0,
XEB2306,Ravager,260.24096385542,0,0,57,
XEC1301,UEF Administration Building,0,0,0,0,
XEC1401,UEF High Command Building,0,0,0,0,
XEC1501,UEF Samantha Clarke Statue,0,0,0,0,
XEC1908,UEF Blacksun Remains --1,0,0,0,0,
XEC1909,UEF Blacksun Remains --2,0,0,0,0,
XEC8001,UEF Wall Segment,0,0,0,0,
XEC8002,UEF Wall Segment,0,0,0,0,
XEC8003,UEF Wall Segment,0,0,0,0,
XEC8004,UEF Wall Segment,0,0,0,0,
XEC8005,UEF Wall Segment,0,0,0,0,
XEC8006,UEF Wall Segment,0,0,0,0,
XEC8007,UEF Wall Segment,0,0,0,0,
XEC8008,UEF Wall Segment,0,0,0,0,
XEC8009,UEF Wall Segment,0,0,0,0,
XEC8010,UEF Wall Segment,0,0,0,0,
XEC8011,UEF Wall Segment,0,0,0,0,
XEC8012,UEF Wall Segment,0,0,0,0,
XEC8013,UEF Wall Segment,0,0,0,0,
XEC8014,UEF Wall Segment,0,0,0,0,
XEC8015,UEF Wall Segment,0,0,0,0,
XEC8016,UEF Wall Segment,0,0,0,0,
XEC8017,UEF Wall Segment,0,0,0,0,
XEC8018,UEF Wall Segment,0,0,0,0,
XEC8019,UEF Wall Segment,0,0,0,0,
XEC8020,UEF Wall Segment,0,0,0,0,
XEC9001,UEF Wall Segment,0,0,0,0,
XEC9002,UEF Wall Segment,0,0,0,0,
XEC9003,UEF Wall Segment,0,0,0,0,
XEC9004,UEF Wall Segment,0,0,0,0,
XEC9005,UEF Wall Segment,0,0,0,0,
XEC9006,UEF Wall Segment,0,0,0,0,
XEC9007,UEF Wall Segment,0,0,0,0,
XEC9008,UEF Wall Segment,0,0,0,0,
XEC9009,UEF Wall Segment,0,0,0,0,
XEC9010,UEF Wall Segment,0,0,0,0,
XEC9011,UEF Wall Segment,0,0,0,0,
XEL0209,Sparky,0,0,0,0,
XEL0305,Percival,450,0,0,35,
XEL0306,Spearhead,120,0,0,84,MuzzleSalvoSize_Overridden,
XES0102,Cooper,0,134.87179487179,0,40,
XES0205,Bulwark,0,0,0,0,
XES0307,Neptune Class,500,134.33333333333,0,85,MuzzleSalvoSize_Overridden,MuzzleSalvoSize_Overridden,
XRA0105,Jester,30,0,0,16,
XRA0305,Wailer,200,0,80,36,
XRB0104,The Hive,0,0,0,0,
XRB0204,Hive Mk. II,0,0,0,0,
XRB0304,Hive Mk. III,0,0,0,0,
XRB2308,HARMS,0,350,0,80,
XRB3301,Soothsayer,0,0,0,0,
XRC1101,QAI Jamming Station,0,0,0,0,
XRC1502,PoW Facility,0,0,0,0,
XRC2101,QAI Prison Building,0,0,0,0,
XRC2201,QAI Mainframe,0,0,0,0,
XRC2301,QAI Node,0,0,0,0,
XRC2401,QAI Spire Node,0,0,0,0,
XRC8001,Cybran Wall Segment,0,0,0,0,
XRC8002,Cybran Wall Segment,0,0,0,0,
XRC8003,Cybran Wall Segment,0,0,0,0,
XRC8004,Cybran Wall Segment,0,0,0,0,
XRC8005,Cybran Wall Segment,0,0,0,0,
XRC8006,Cybran Wall Segment,0,0,0,0,
XRC8007,Cybran Wall Segment,0,0,0,0,
XRC8008,Cybran Wall Segment,0,0,0,0,
XRC8009,Cybran Wall Segment,0,0,0,0,
XRC8010,Cybran Wall Segment,0,0,0,0,
XRC8011,Cybran Wall Segment,0,0,0,0,
XRC8012,Cybran Wall Segment,0,0,0,0,
XRC8013,Cybran Wall Segment,0,0,0,0,
XRC8014,Cybran Wall Segment,0,0,0,0,
XRC8015,Cybran Wall Segment,0,0,0,0,
XRC8016,Cybran Wall Segment,0,0,0,0,
XRC8017,Cybran Wall Segment,0,0,0,0,
XRC8018,Cybran Wall Segment,0,0,0,0,
XRC8019,Cybran Wall Segment,0,0,0,0,
XRC8020,Cybran Wall Segment,0,0,0,0,
XRC8101,Cybran Wall Segment,0,0,0,0,
XRC8102,Cybran Wall Segment,0,0,0,0,
XRC8103,Cybran Wall Segment,0,0,0,0,
XRC8104,Cybran Wall Segment,0,0,0,0,
XRC8105,Cybran Wall Segment,0,0,0,0,
XRC8106,Cybran Wall Segment,0,0,0,0,
XRC8107,Cybran Wall Segment,0,0,0,0,
XRC8108,Cybran Wall Segment,0,0,0,0,
XRC8109,Cybran Wall Segment,0,0,0,0,
XRC8110,Cybran Wall Segment,0,0,0,0,
XRC8111,Cybran Wall Segment,0,0,0,0,
XRC8112,Cybran Wall Segment,0,0,0,0,
XRC8113,Cybran Wall Segment,0,0,0,0,
XRC8114,Cybran Wall Segment,0,0,0,0,
XRC8115,Cybran Wall Segment,0,0,0,0,
XRC8116,Cybran Wall Segment,0,0,0,0,
XRC8117,Cybran Wall Segment,0,0,0,0,
XRC8118,Cybran Wall Segment,0,0,0,0,
XRC8119,Cybran Wall Segment,0,0,0,0,
XRC8120,Cybran Wall Segment,0,0,0,0,
XRL0002,Crab Egg (Engineer),0,0,0,0,
XRL0003,Crab Egg (Brick),0,0,0,0,
XRL0004,Crab Egg (Flak),0,0,0,0,
XRL0005,Crab Egg (Artillery),0,0,0,0,
XRL0302,Fire Beetle,0,0,0,3,Unknown Type,
XRL0305,Brick,450,50.909090909091,0,40,
XRL0403,Megalith,2307.6923076923,577.1640407785,266.66666666667,64,MuzzleSalvoSize_Overridden,MuzzleSalvoSize_Overridden,
XRS0204,Barracuda,0,144.8,0,45,
XRS0205,Mermaid,0,1.5384615384615,0,25,
XSA0101,Sele-istle,0,0,0,0,
XSA0102,Ia-atha,60,0,60,30,
XSA0103,Sinnve,110,0,0,40,
XSA0104,Vishala,36,0,60,30,
XSA0107,Vish,0,0,0,0,
XSA0202,Notha,264,0,144,40,
XSA0203,Vulthoo,80,0,0,24,
XSA0204,Uosioz,0,96,0,28,
XSA0302,Iaselen,0,0,0,0,
XSA0303,Iazyne,410,0,410,40,
XSA0304,Sinntha,650,0,0,90,
XSA0402,Ahwassa,2800,0,1600,60,
XSB0101,Basic Land Factory,0,0,0,0,
XSB0102,Ia-iya,0,0,0,0,
XSB0103,Basic Naval Factory,0,0,0,0,
XSB0201,Improved Land Factory,0,0,0,0,
XSB0202,Improved Air Factory,0,0,0,0,
XSB0203,Uosiya,0,0,0,0,
XSB0301,Advanced Land Factory,0,0,0,0,
XSB0302,Advanced Air Factory,0,0,0,0,
XSB0303,Uosiya,0,5.8333333333333,0,25,
XSB0304,Aezthu-uhthe,0,0,0,0,
XSB1101,Basic Power Generator,0,0,0,0,
XSB1102,Basic Hydrocarbon Power Plant,0,0,0,0,
XSB1103,Basic Mass Extractor,0,0,0,0,
XSB1104,Mass Fabricator,0,0,0,0,
XSB1105,Basic Energy Storage,0,0,0,0,
XSB1106,Basic Mass Storage,0,0,0,0,
XSB1201,Improved Power Generator,0,0,0,0,
XSB1202,Improved Mass Extractor,0,0,0,0,
XSB1301,Advanced Power Generator,0,0,0,0,
XSB1302,Advanced Mass Extractor,0,0,0,0,
XSB1303,Advanced Mass Fabricator,0,0,0,0,
XSB2101,Uttaus,142.85714285714,0,0,26,
XSB2104,Ialla,0,0,84,44,
XSB2105,Improved Energy Storage,0,0,0,0,
XSB2106,Improved Mass Storage,0,0,0,0,
XSB2108,Ythis,1200,0,0,240,
XSB2109,Sou-atha,0,100,0,45,
XSB2204,Sinnatha,0,0,142.85714285714,44,
XSB2205,Uosthu,0,241,0,66,
XSB2301,Uttaushala,165,0,0,44,
XSB2302,Hovatham,404.7619047619,0,0,850,
XSB2303,Zthuthaam,146.06741573034,0,0,125,
XSB2304,Iathu-ioz,0,0,366.66666666667,58,
XSB2305,Hastue,0,0,0,20000,
XSB2401,Yolona Oss,0,0,0,20000,
XSB3101,Esel,0,0,0,0,
XSB3102,Basic Sonar System,0,0,0,0,
XSB3104,Aezesel,0,0,0,0,
XSB3105,Advanced Energy Storage,0,0,0,0,
XSB3106,Advanced Mass Storage,0,0,0,0,
XSB3201,Sele-esel,0,0,0,0,
XSB3202,Improved Sonar System,0,0,0,0,
XSB3304,Sinnatha Hu,0,0,950,50,RackSalvoFiresAfterCharge_ComboWarn,
XSB4201,Ythisatha,0,0,0,30,
XSB4202,Atha,0,0,0,0,
XSB4203,Sele-ioz,0,0,0,0,
XSB4301,Heavy Shield Generator,0,0,0,0,
XSB4302,Ythisioz,0,0,100,100,
XSB5101,Haas,0,0,0,0,
XSB5102,Seraphim Transport Beacon,0,0,0,0,
XSB5202,Iathu-uhthe,0,0,0,0,
XSC1301,Seraphim Administrative Building,0,0,0,0,
XSC8001,Seraphim Wall Segment,0,0,0,0,
XSC9002,Jammer Crystal,0,0,0,0,
XSL0001,Armored Command Unit,9736.3636363636,0,0,256,
XSL0101,Selen,8,0,0,18,
XSL0103,Zthuee,30,0,0,36,
XSL0104,Ia-istle,0,0,26.666666666667,34,
XSL0105,T1 Engineer,0,0,0,0,
XSL0111,Ythisah,59.558823529412,0,0,75,
XSL0201,Thaam,30,0,0,21,
XSL0202,Ilshavoh,90,0,0,28,
XSL0203,Yenzyne,75,0,0,25,
XSL0205,Iashavoh,0,0,144,40,
XSL0208,T2 Engineer,0,0,0,0,
XSL0301,Support Armored Command Unit,8200,0,200,196,
XSL0303,Othuum,400,105,0,44,
XSL0304,Suthanus,96,0,0,92,
XSL0305,Usha-Ah,280,0,0,70,
XSL0307,Athanah,0,0,0,0,
XSL0309,T3 Engineer,0,0,0,0,
XSL0401,Ythotha,3796.9696969697,0,500,48,
XSL0402,Unidentified Residual Energy Signature,3333.3333333333,0,0,20,
XSM0001,Sele-haas,0,0,0,0,
XSS0103,Hau-esel,75,0,80,44,
XSS0201,Uashavoh,240,121,0,55,
XSS0202,Ithalua,149.25373134328,0,483.33333333333,95,RackSalvoFiresAfterCharge_ComboWarn,
XSS0203,Sou-istle,20,48.8,0,32,
XSS0302,Hauthuum,600,0,280,1024,
XSS0303,Iavish,375,0,880,175,
XSS0304,Yathsou,0,452.81818181818,440,65,
XSS0305,Mobile Sonar Platform,0,120,0,48,
WAL0401,Universal Colossus,3100.02,0,0,43,
WAL4404,Maruda,516.66666666667,0,220,60,MuzzleSalvoSize_Overridden,
WAS0332,Shadow of Intent,600,0,880,70,
WEB0404,Turtle,2730,536.53333333333,0,110,
WEB4301,Protector,0,0,0,36,
WEL0207,Sharp Shooter,0,0,0,28,
WEL0302,Wrecker,107.14285714286,0,0,30,
WEL0304,Rommel,329.54545454545,0,0,32,
WEL03041,Walrus,104.4776119403,0,0,92,
WEL0305,Pegasus,426.66666666667,0,288,40,
WEL0309,Banisher,0,0,500,40,
WEL0401,Wyvern,3539.0476190476,176,288,115,MuzzleSalvoSize_Overridden,
WEL0416,Dragonite,4920.5353030303,0,333.33333333333,95,MuzzleSalvoSize_Overridden,MuzzleSalvoSize_Overridden,
WEL1409,Fatboy 2 Wyvern,3127.2727272727,0,0,95,
WEL4404,Star Adder,1578.0303030303,0,0,65,
WES0303,Posideon Class,270,266.66666666667,384,65,MuzzleSalvoSize_Overridden,
WRA0401,Soul Ripper II,2056.6666666667,0,400,55,RackSalvoFiresAfterCharge_ComboWarn,RackSalvoFiresAfterCharge_ComboWarn,
WRL0207,MSG Spiderbot,0,0,0,0,
WRL0301,SeaLion,300,0,0,35,
WRL0305,Echidna,180,0,0,70,
WRL0309,Python,0,0,360,50,
WRL1466,Storm Strider,4242.3178226514,0,300,82,
WSL0202,Onyzum,22.5,0,0,25,
WSL0205,Beshlas,77.777777777778,0,77.777777777778,26,
WSL0308,Otheeka,285.71428571429,0,0,32,
WSL0404,Yath-Yen,1160,0,133.33333333333,99,
