ID,Unit Name,SizeX,SizeY,SizeZ,UniformScale
UAA0206,Abolisher,1,0.3,1,0.003
UAB2306,Anachronon,1.5,1.5,1.5,0.0018
UAL0108,Artos,0.3,1.1,0.44,0.05
UAL0204,Predator,0.6,1.1,0.4,0.007
UAL0310,Vindicator,0.95,0.65,0.95,0.022
UAL0402,Overlord,2.5,4.5,1.5,0.12
UEB2306,Brimstone,1.2,1.65,1.2,0.022
UEL0107,Caiman,0.4,0.25,0.7,0.08
UEL0108,Crusher,0.45,0.3,0.64,0.016
UEL0402,Rampage,2.2,3.5,2,0.017
UES0206,Barnacle,0.5,0.5,0.5,0.02
URB2306,Beholder,1.25,3.3,1.25,0.08
URL0305,Crawfish,1,1,1,0.01
XEL0308,Hermes,0.8,0.5,1.1,0.01
XSA0201,Shyeld,0.5,1,0.5,0.06
EAL0001,Armored Command Unit,1,2,0.7,0.018
EEA0002,Spy Satellite,2,2,2,0.0125
EEL0001,Armored Command Unit,1,2,0.7,0.105
ERL0001,Armored Command Unit,1,2.2,0.7,0.16
ESB0001,Lambda Emitter,0.1,0.1,0.1,0.0001
ESB0002,Lambda Emitter,0.1,0.1,0.1,0.0001
ESB0003,Lambda Emitter,0.1,0.1,0.1,0.0001
ESB0004,Lambda Emitter,0.1,0.1,0.1,0.0001
ESB0005,Lambda Emitter,0.1,0.1,0.1,0.0001
ESL0001,Armored Command Unit,0.8,2.2,0.7,0.05
UAB4302,None,None,None,None,None
UEB4302,None,None,None,None,None
URB4302,None,None,None,None,None
XSB4302,None,None,None,None,None
BAB0001,Anti-Teleport Emitter,0.1,0.1,0.1,0.001
BAB0003,Anti-Teleport Emitter,0.1,0.1,0.1,0.001
BAB0004,Anti-Teleport Emitter,0.1,0.1,0.1,0.001
BAB1106,Mass & Energy Storage,0.9,1.35,0.9,0.15
BAB1202,Improved Hydrocarbon Plant,1.75,2.5,1.75,0.0045
BAB1302,Advanced Hydrocarbon Plant,1.75,2.5,1.75,0.0045
BAB2303,Archangel,1.1,0.9,1.1,0.08
BAB2306,Aria,1,1.2,1,0.095
BAB2308,Purifier,3,1,3,0.1
BAB4209,Quantum Wake Generator,2,1.375,2,0.02
BAB4307,Purger,0.6,1.4,0.6,0.25
BAB4309,Quantum Wake Generator,2,1.5,2,0.025
BAL0110,Requiem,0.6,0.6,0.6,0.08
BAL0206,Zealot,0.85,0.4,0.85,0.12
BAL0310,Wraith,1,0.7,1.9,0.1
BAL0401,Inquisitor,2.8,3,2.8,0.8
BAL0402,Genesis,2.25,1.4,5,0.11
BAL0403,Interrogater,2.8,3.15,2.8,0.225
BALK003,Redeemer,1,1,1.2,0.048
BEA0006,Goliath II AA Drone,0.5,0.2,0.5,0.2
BEA0402,Citadel Mk.2,8.1,3,12.4,0.21
BEA0403,Citadel Mk.1,8,3,9.8,0.4
BEB0001,Citadel II Airpad,0.1,0.1,0.1,0.4
BEB0002,Citadel I Airpad,0.1,0.1,0.1,0.7
BEB0003,Advanced Anti-Teleport Emitter,0.1,0.1,0.1,0.001
BEB0004,Standard AntiTeleport Emitter,0.1,0.1,0.1,0.001
BEB0005,The Kennel,1,1.8,1,0.05
BEB1106,Mass & Energy Storage,1,1.3,1,0.1
BEB1202,HCPP - X2000,2.5,1.3,2.5,0.5
BEB1302,HCPP - X3000,2.5,1.3,2.5,0.5
BEB2303,Hellstorm Emplacement,1,1,1,0.11
BEB4209,ATF-205 Preventer,2,3.6,2,0.225
BEB4309,ATF-305 Preventer,2,3.5,2,0.25
BEL0211,Inferno,0.9,0.6,1.2,0.11
BEL0307,Helltank,1.3,0.8,1.8,0.045
BEL0308,Bangerhead,0.8,1.2,0.8,0.085
BEL0402,Goliath,2.5,5.25,2.4,0.15
BELK002,Cougar,1,0.5,1.1,0.11
BES0402,Conquest Class,2.8,1.8,11.5,0.075
BRA0409,Gargantuan,4.6,3,17.5,0.243
BRB0006,Advanced Anti-Teleport Emitter,0.1,0.1,0.1,0.001
BRB0007,Anti-Teleport Emitter,0.1,0.1,0.1,0.001
BRB1106,Mass & Energy Storage,1,0.75,1,0.5
BRB1202,Improved Hydrocarbon Plant,2,1.5,2,0.45
BRB1302,Advanced Hydrocarbon Power Plant,2,1.5,2,0.45
BRB2303,Squall,1,1.2,1,0.048
BRB2306,Manticore,0.5,2.7,0.5,0.15
BRB4209,Mist,2,3.5,2,0.09
BRB4309,Shroud,2,3.5,2,0.1
BRB4401,Shadow,4,5.1,4,0.3
BRL0006,Crab Egg (Loyalist),1,1,1,0.05
BRL0007,Crab Egg (Scorpion),1,1,1,0.05
BRL0008,Crab Egg (Deceiver),1,1,1,0.05
BRL0009,Crab Egg (Firebeetle),1,1,1,0.05
BRL0010,Crab Egg (Wagner),1,1,1,0.05
BRL0011,Crab Egg (Hailfire),1,1,1,0.05
BRL0205,Scorpion,0.56,0.42,0.72,0.043
BRL0307,Hailfire,0.72,0.45,1.15,0.05
BRL0401,Basilisk,3.2,5.8,2.8,0.15
BRLK001,Bouncer,1.2,0.6,0.9,0.19
BRLK005,Crab Egg (Bouncer),1,1,1,0.05
BRS0304,Reaper Class,1.8,1.15,6.6,0.055
BRS0305,Leviathan,1.2,0.6,3.6,0.08
BRS0402,SeaDragon MKII,5.3,1.8,10.6,0.09
BSA0003,Hala Vulthoo,1,0.5,1,0.04
BSA0004,Heavy Attack Drone,0.5,0.2,0.5,0.45
BSA0310,Vulthatha-Ioz,1.75,0.7,1.75,0.07
BSB0001,Advanced Lambda Emitter,0.1,0.1,0.1,0.01
BSB0003,Anti-Teleport Emitter,0.1,0.1,0.1,0.001
BSB0005,Lambda Emitter,0.1,0.1,0.1,0.001
BSB0006,Anti-Teleport Emitter,0.1,0.1,0.1,0.001
BSB0405,Uttaus-Athellu,3,6.5,3,0.05
BSB1106,Mass & Energy Storage,1,0.6,1,0.041
BSB1202,Uya-atoh,2.5,0.5,1.75,0.05
BSB1302,Uya-atoh,2.5,0.5,1.75,0.05
BSB2306,Uttauthuum,1.1,1.2,1.1,0.055
BSB2402,Haasioz-Iya,8,5.6,3,0.015
BSB4205,Au-iya,2,2.25,1,0.05
BSB4209,Haazthue-Uhthena,1.8,1.3,1.8,0.065
BSB4309,Haazthue-Uhthena,2,2,2,0.075
BSL0003,Hala Ilshavoh,1,1.1,0.9,0.05
BSL0004,Hala Ythisah,1,0.45,1.6,0.057
BSL0005,Hala Othuum,0.7,0.3,1.8,0.06
BSL0007,Hala Suthanus,0.7,0.8,0.9,0.05
BSL0008,Hala Usha-Ah,0.35,1.2,0.7,0.068
BSL0009,Hala Uyanah,1,0.5,1,0.05
BSL0010,Hala Ilthysathuum,1,1.4,0.9,0.065
BSL0106,Ilhaas,0.8,0.6,0.8,0.045
BSL0206,Ula Ilhaas,1.1,0.8,1.1,0.06
BSL0306,Uthla Ilhaas,1.2,0.9,1.2,0.08
BSL0310,Ilthysathuum,1,1.4,0.9,0.065
BSL0401,Yenzotha,4,1.9,8,0.5
BSL0403,Othuy,0.5,0.5,0.5,0.25
BSL0404,Othuy,0.5,0.5,0.5,0.25
BSL0406,Seth Ilhaas,2.45,2.5,2.45,0.22
BSLK004,Uyanah,1,0.5,1,0.05
BSS0206,Zthuzene,1,1,3.2,0.03
BSS0306,Ithaluthe-Esel,1.9,1.2,5.8,0.032
BSS0401,Hovatha-Hauthu,3.6,1.9,11.8,0.038
XEL0307,Juggernaut,1.4,0.8,2,0.033
XRS0402,SeaDragon Class,1.9,1.55,10.8,0.09
SAA0106,Saksinokka,1,0.5,1,0.04
SAA0201,Beguiler,0.8,0.25,0.8,0.39
SAA0211,Impaler,1.75,0.35,1.1,0.1
SAA0306,Solaris,6,4,6,0.13
SAA0314,Shrieker,2.2,0.58,2.4,0.05
SAB0401,Independence Engine,16,8,16,0.195
SAB2103,Charis,0.5,0.75,0.5,0.06
SAB2220,Molehill,0.35,0.15,0.35,0.02
SAB2221,Mound,0.5,0.2,0.5,0.02
SAB2222,Mountain,0.5,0.2,0.5,0.005
SAB2306,Orbos,1,2,1,0.1
SAB2308,Flash Flood,2.8,3,2.8,0.42
SAB2311,Nihiloid,1.55,1.5,1.55,0.024
SAB4401,Pillar of Prominence,3.8,6,3.8,0.115
SAB5104,Pedestal,1,1,1,0.065
SAB5210,Medium Wall Segment,2,1.6,2,0.076923076923077
SAB5301,Aegis,1.2,1.6,1.2,0.05
SAL0209,Butler,0.9,0.72,0.72,0.063
SAL0311,Moldavite,1.2,0.6,1.3,0.035
SAL0319,Bilmon,0.9,0.7,0.9,0.063
SAL0320,Alchemist,1.35,0.7,1.35,0.07
SAL0321,Scarab,1,0.75,1.2,0.055
SAL0323,Rupture,0.65,0.5,0.65,0.05
SAL0324,Metatron,1.25,2.75,1.25,0.225
SAL0401,Absolution,2.4,1.3,5,0.042
SEA0002,Burning Star,2,2,2,0.045
SEA0106,Seagull,1,0.5,1,0.04
SEA0201,UX Dragonlady,2,0.25,1,0.04
SEA0211,Tornado,2,0.5,1.6,0.054
SEA0307,Albatross,2,0.5,1.6,0.035
SEA0310,Wild Weasel,0.8,0.25,0.8,0.064
SEA0314,Lancer,1,0.65,2.4,0.053
SEA0401,Centurion,4.8,2,9,0.057
SEB0401,Gantry,16,6,16,0.28
SEB2103,Poker,0.6,0.8,0.6,0.155
SEB2211,Stouty,1.2,0.6,1.2,0.18
SEB2220,AP-12 Trapper,0.35,0.15,0.35,0.02
SEB2221,AM-24 Anti-Armor,0.5,0.2,0.5,0.03
SEB2222,AM-36 Trinity,0.5,0.2,0.5,0.02
SEB2308,Harpoon,1.5,2.2,1.5,0.075
SEB2311,Guardian,1.5,0.9,1.5,0.09
SEB2320,Hiro,1.2,1.2,1.2,0.085
SEB2401,Excalibur,3,1.6,3,0.06
SEB2402,Mummy,2,1.2,2,0.0275
ZZZ2402,None,1,1.6,1,0
SEB2404,Ivan,5,2,5,0.0275
SEB3303,Recon Sat Center,5,3,5,0.045
SEB3404,Panopticon,15,7,15,0.05
SEB4303,Recoil,1.85,3.25,1.85,0.12
SEB4401,BFS - Nullifier,2.75,5.75,2.75,0.07
SEB5104,Resupply,1,2,1,0.1875
SEB5210,GDI,2,1,2,0.033333333333333
SEB5310,Citadel,3,2.2,3,0.05
SEB5311,Harrow,3,2.2,3,0.05
SEB5381,Superhot,1,0.3,1,0.045
SEL0119,Wally,0.56,0.7,0.56,0.04
SEL0319,Custodian,0.875,1.25,0.875,0.0625
SEL0320,Archimedes,0.8,0.6,1.8,0.032
SEL0321,Aster,0.9,0.75,1.75,0.036
SEL0324,NG3 Longbow,1,1.5,1.25,0.0224
SES0219,Fixxie Class,1,1.1,4.1,0.089
SES0319,Patch Class,1.5,1.3,5.4,0.06
SRA0106,Gannet,0.4,0.15,0.6,0.075
SRA0201,Blade Raven,2,0.25,0.6,0.023
SRA0211,Reaper,2,0.5,1.1,0.015
SRA0306,Night Skimmer,3,2,8,0.07
SRA0307,Zenith,1.8,0.45,1.3,0.034
SRA0313,Twilight Patron,1.35,0.36,2.05,0.036
SRA0314,Sanguine Tyrant,2.7,0.9,2.7,0.045
SRB0401,Arthrolab,15,5,15,0.07
SRB2103,Little Bertha,0.6,0.8,0.6,0.2
SRB2220,Mutter,0.333,0.1332,0.333,0.1
SRB2221,Whisper,0.5,0.2,0.5,0.15
SRB2222,Silencer,0.5,0.2,0.5,0.04
SRB2306,Hades,0.69,2,0.95,0.08
SRB2311,Punisher,1.4,1.2,1.4,0.085
SRB2391,Tesla Coil,0.7,2,0.7,0.012
SRB2402,Neolith,2.8,4,2.8,0.051
SRB4401,Iron Curtain,2.5,5.5,2.5,0.245
SRB4402,Darkness,2.5,2.5,2.5,0.04
SRB5104,Ravitailler,1,1.5,1,0.1875
SRB5210,Bulkhead,2,1.25,2,0.033333333333333
SRB5310,Procyon Defiance,3,2.1,3,0.05
SRB5311,Procyon Offering,3,2.1,3,0.05
SRB5312,Procyon Defiance,3,2.1,3,0.05
SRB5380,Deadshot,0.85,1,0.7,0.035
SRL0000,Crab Egg (Destroyer),None,None,None,0.1
SRL0000_1,Crab Egg (Field Engineer),None,None,None,None
SRL0000_2,Crab Egg (Stealth),None,None,None,None
SRL0000_3,Crab Egg (Missile),None,None,None,0.075
SRL0000_4,Crab Egg (Hedgehog),None,None,None,0.075
SRL0000_5,Crab Egg (MRL),None,None,None,None
SRL0000_6,Crab Egg,1,1,1,0.05
SRL0209,Wilson,0.7,0.9,0.6,0.1175
SRL0311,Hexatron,1.1,0.6,1.1,0.35
SRL0316,Operative,0.66,0.22,0.77,0.12
SRL0319,House,0.75,0.95,0.65,0.135125
SRL0320,Slink,1.65,0.9,1.65,0.08
SRL0321,Hedgehog,1.1,1.5,1.6,0.03
SRL0324,Adramelech,1.25,1.7,1.25,0.05
SRL0401,Abyss Crawler,6,7,13,0.09
SRS0219,Barwick Class,0.4,0.7,2.6,0.055
SRS0319,Stillson Class,1.15,1,4.2,0.37
SSA0001,Storage,0.5,0.2,0.5,0.03
SSA0002,Hologram,0.5,0.2,0.5,0.03
SSA0106,Sou-ioz,1,0.5,1,0.08
SSA0201,Selia,0.56,0.25,0.98,0.035
SSA0211,Sinn,1.8,0.5,1.44,0.072
SSA0305,Vulthuum,1,0.5,1,0.05
SSA0306,Vishuum,4.5,2.8,7,0.0505
SSA0307,Souioz,1.25,0.625,1.25,0.1125
SSA0314,Sinnaino,2.45,0.65,1.65,0.036
SSB0401,Souiya,14,14,3,0.15
SSB2103,Thaam-atha,0.6,0.8,0.6,0.015
SSB2220,Othe,0.35,0.15,0.35,0.02
SSB2221,Zhanasee,0.5,0.2,0.5,0.05
SSB2222,Inaino,0.5,0.2,0.5,0.05
SSB2306,Othuushala,1,1.25,1,0.06
SSB2311,Sinn Unthe,1.4,1.7,1.4,0.032
SSB2380,Uttaus,0.5,0.9,0.5,0.038
SSB2404,Suthanus,3.5,4,3.5,0.05
SSB3301,Aezselen,2,5,2,0.05
Large,Iaathanah,2,2,2,0.07
Small,Iaathanahee,2,2,2,0.07
SSB4401,Iaathan,3.5,4.5,3.5,0.08
SSB5104,Iathu-uhthe,1,1,1,0.05
SSB5210,Haas-haas,2,1.2,2,0.033333333333333
SSB5301,Athahaas,1.2,1.6,1.2,0.168
SSB5401,Chappa'ko,10,9.5,2,0.12
SSL0001,Hologram,0.01,0.01,0.01,0.063
SSL0219,Iyazyn,0.7,0.5,0.9,0.0693
SSL0311,Ilshatha,0.8,0.9,0.7,0.055
SSL0319,Iyazyne,0.7,0.5,0.9,0.063
SSL0320,Atha-Ythia,0.85,0.65,0.85,0.032
SSL0321,Ythhu,1,0.5,1.6,0.06
SSL0324,Yenesel,0.8,0.7,0.8,0.045
SSL0403,Iyadesu,5.5,3.5,7,0.1
SSS0305,Aezhou,1,1.2,1,0.06
SSS0306,Uosthuum,1.5,1.6,1.5,0.05
ZZZ2220,None,None,None,None,0
ZZZ5301,None,None,None,None,0
ZZZ0001,3310,3,2,6.5,0.3
ZZZ0002,LOUD,3,1.5,6,0.18
ZZZ0003,3310,3,2,6.5,0.3
HITBOX01,None,1,0.5,1,0.1
BAB1106,None,None,None,None,None
BAB1302,None,None,None,None,None
BEB1106,None,None,None,None,None
BEB1302,None,None,None,None,None
BRB1106,None,None,None,None,None
BRB1302,None,None,None,None,None
BSB1106,None,None,None,None,None
BAB1302,None,None,None,None,None
UAB1103,None,None,None,None,None
UAB1104,None,None,None,None,None
UAB1105,None,None,None,None,None
UAB1106,None,None,None,None,None
UAB1201,None,None,None,None,None
UAB1202,None,None,None,None,None
UAB1301,None,None,None,None,None
UAB1302,Advanced Mass Extractor,None,None,None,None
UAB1303,None,None,None,None,None
UAB4301,None,None,None,None,None
UAB8765,None,None,None,None,None
UABSSG01,None,None,None,None,None
UEB1103,None,None,None,None,None
UEB1104,None,None,None,None,None
UEB1105,None,None,None,None,None
UEB1106,None,None,None,None,None
UEB1201,None,None,None,None,None
UEB1202,None,None,None,None,None
UEB1301,None,None,None,None,None
UEB1302,Advanced Mass Extractor,None,None,None,None
UEB1303,None,None,None,None,None
UEB4301,None,None,None,None,None
UEB8765,None,None,None,None,None
UEBSSG01,None,None,None,None,None
URB1103,None,None,None,None,None
URB1104,None,None,None,None,None
URB1105,None,None,None,None,None
URB1106,None,None,None,None,None
URB1201,None,None,None,None,None
URB1202,None,None,None,None,None
URB1301,None,None,None,None,None
URB1302,None,None,None,None,None
URB1303,None,None,None,None,None
URB4207,None,None,None,None,None
URB8765,None,None,None,None,None
URBSSG01,None,None,None,None,None
XSA0402,Ahwassa,9.8,2.7,9.8,0.032
XSB1103,None,None,None,None,None
XSB1104,None,None,None,None,None
XSB1105,None,None,None,None,None
XSB1106,None,None,None,None,None
XSB1201,None,None,None,None,None
XSB1202,None,None,None,None,None
XSB1301,None,None,None,None,None
XSB1302,Advanced Mass Extractor,None,None,None,None
XSB1303,None,None,None,None,None
UAB4301,None,None,None,None,None
XSB8765,None,None,None,None,None
XSBSSG01,None,None,None,None,None
BAB1304,Advanced Hydrocarbon Plant & Storage,2.1,3.1,2.1,0.0054
BEB1304,HCPP - X3000,3,2,3,0.6
BRB1304,Adv. Hydrocarbon Power Plant & Storage,2.4,1.9,2.4,0.54
BSB1304,Uya-atoh,3,1.5,3,0.07
UAB1107,Mass Fabricator & Storage,0.9,0.42,0.9,0.102
UAB1203,Improved Power Generator & Storage,2.64,1.56,2.64,0.054
UAB1304,Advanced Mass Extractor & Storage,0.8,1.6,0.8,0.21
UAB1305,Advanced Mass Fabricator & Storage,1.9,2,1.9,0.04
UAB1306,Advanced Power Generator & Storage,4.6,3.4,4.6,0.052
UAB4303,Radiance,2.6,4.4,2.6,0.059
UEB1107,Mass Fabricator & Storage,0.96,0.96,0.96,0.114
UEB1203,Improved Power Generator & Storage,2.64,1.08,2.64,0.084
UEB1304,Advanced Mass Extractor & Storage,0.8,1.6,0.8,0.075
UEB1305,Advanced Mass Fabricator & Storage,2,2.4,2,0.47
UEB1306,Advanced Power Generator & Storage,4,3,4,0.096
UEB4303,HSD Pulse,2,3,2,0.48
URB1107,Mass Fabricator & Storage,0.84,0.66,0.84,0.24
URB1203,Improved Power Generator & Storage,1.56,3,1.56,0.42
URB1304,Advanced Mass Extractor & Storage,0.8,1.9,0.8,0.13
URB1305,Advanced Mass Fabricator & Storage,1.6,3.6,1.6,0.38
URB1306,Advanced Power Generator & Storage,4.2,3.5,4.2,0.108
URB4303,ED5,2.4,5,2.4,0.205
XSB1107,Mass Fabricator & Storage,0.9,0.42,0.9,0.066
XSB1203,Improved Power Generator & Storage,2.4,2.7,1.2,0.06
XSB1304,Advanced Mass Extractor & Storage,0.8,1.2,0.8,0.063
XSB1305,Advanced Mass Fabricator & Storage,2,2.1,2,0.059
XSB1306,Advanced Power Generator & Storage,4.8,3.25,4.8,0.12
XSB4303,Heavy Shield Generator & Storage,3,4.5,3,0.0696
lab2320,Zion,1.7,2.6,1.9,0.018
lea0401,Lucidity,4.8,1.5,5.5,0.03
leb2320,Jackhammer,2,3,2,0.018
lrb2320,Trigger,1.3,2.8,1.6,0.018
lsb2320,Incubus,2.2,2.4,2.2,0.036
UAB0305,Quantum Teleporter,5,1.5,5,0.064
UAB8765,Resource Storage Facility,4,3.75,4,0.45
UABSSG01,Luminesc,7,2,7,0.14
UABSSG02,Luminesc,7,2,7,0.168
UALX401,Angel,7.2,1.8,7.2,0.6
UEB0305,Quantum Teleporter,7.25,3.5,1.5,0.081
UEB8765,Resource Storage Facility,4,4,4,0.5
UEBSSG01,SSD Hope,7.6,3,7.6,0.14
UEBSSG02,SSD Hope,7.6,3,7.6,0.168
URB0305,Quantum Teleporter,4.75,2,3.5,0.081
URB8765,Resource Storage Facility,4,4,4,0.7
URBSSG01,ED-X,7,5.5,7,0.14
URBSSG02,ED-X,7,5.5,7,0.168
VAB2302,Apparitioner,2,2,2,0.06
VEB2302,Flayer II,2,2,2,0.02
VRB2302,Sky Bloom,2,2,2,0.045
VSB2302,Tuvatham,2,2,2,0.025
WAB0201,Saviour,1.2,1.6,1.2,0.3
WEL0404,Fatboy II,7,2.5,7,0.16
WEL0405,King Kraptor,4.5,6.75,3.6,0.042
WRL0404,Megaroach,2,2.4,4.2,0.0725
WSB0104,Dehgarwof,0.65,0.9,1,0.07
WSL0405,Echibum,3,1.2,3.3,0.09
XSB0305,Quantum Teleporter,5,1.5,5,0.058
XSB8765,Hala-Vishual,4,4,4,0.21
XSBSSG01,Thanatos,5,5,5,0.065
XSBSSG02,Thanatos,5,5,5,0.078
xSS0403,Vergra,2.5,2.5,7.2,0.06
uab0301,None,None,None,None,None
uab0302,None,None,None,None,None
uab0303,None,None,None,None,None
uab2304,None,None,None,None,None
UAB4203,Veil,1.7,1.7,1.7,1.4
uab5202,None,None,None,None,None
ueb0301,None,None,None,None,None
ueb0302,None,None,None,None,None
ueb0303,None,None,None,None,None
ueb2304,None,None,None,None,None
UEB4203,Scattershield,0.8,3,0.8,0.25
ueb5202,None,None,None,None,None
urb0301,None,None,None,None,None
urb0302,None,None,None,None,None
urb0303,None,None,None,None,None
urb2304,None,None,None,None,None
URB4203,Twilight,1,5.1,1,0.25
urb5202,None,None,None,None,None
xsb0301,None,None,None,None,None
xsb0302,None,None,None,None,None
xsb0303,None,None,None,None,None
xsb2304,None,None,None,None,None
XSB4203,Sele-ioz,1.3,4.2,1.3,0.035
xsb5202,None,None,None,None,None
UAB4304,Shador,2,2,2,1.9
UEB4304,Obfuscator,0.95,4.4,0.95,0.33
URB4304,BlackOut,1.1,4.8,1.1,0.36
XSB4304,Ultha Sele-ioz,1.5,4.8,1.5,0.042
BRMST3BOM,Magna Class,2,1.8,8.3,0.072
BRMT1BT,Scarab,0.55,0.35,0.85,0.024
BRMT1EXM1,Proton,0.62,0.75,0.62,0.0325
BRMT1EXPD,Pen,0.65,1.2,0.65,0.04
BRMT1EXPDT2,Dual Pen,0.65,1.2,0.65,0.04
BRMT1PD,SlyFox,0.65,0.75,0.65,0.021
BRMT2EPD,Anode,1,1.1,1,0.57
BRMT2HT,Hippo,0.55,0.55,0.7,0.11
BRMT2MEDM,Immortal,0.8,1.4,0.9,0.055
BRMT2PD,SlingShot,0.65,1,0.65,0.032
BRMT3AVA,Avalanche,6,3.4,7,0.17
BRMT3BM2,Dervish,1.1,1.5,1,0.04
BRMT3BT,Mastodon,1,0.35,1,0.15
BRMT3LZT,Trilobyte,1,0.4,1.2,0.04
BRMT3MCM,MadCat,2,3.5,2.2,0.15
BRMT3MCM2,MadBolo,1.8,3.6,2.7,0.144
BRMT3ML,Pavestone,1,0.9,1.2,0.18
BRMT3PD,Tripple Threat,0.7,0.9,0.7,0.13
BRMT3PDRO,Agronar,0.9,1.4,0.9,0.4
BRMT3VUL,Vulture,1.8,2.9,1.8,0.12
BRNT1EXPD,Mayor,0.7,1.2,0.7,0.09
BRNT1HPD,Thug,0.6,0.8,0.6,0.22
BRNT2BM,Banshee,0.8,1.3,0.8,0.03
BRNT2EPD,Tower Boss,0.9,1.05,0.9,0.3
BRNT2MT,Statue,0.75,0.4,1.4,0.053
BRNT2PD2,Angry Ace,0.6,1.1,0.6,0.12
BRNT3ABB,IronFist,0.8,1.6,0.8,0.047
BRNT3BLASP,Blood Asp,2.2,3.5,2.2,0.04
BRNT3BT,Bull,1,0.67,1.25,0.05
BRNT3OW,Owens,2,2,2,0.054
BRNT3PDRO,Rocket Pad,0.7,0.9,0.7,0.066
BRNT3SHBM,Mayhem,2.8,4.6,2.8,0.075
BRNT3SHPD,Blockhouse,3,1.5,3,0.026
BRNT3WT,WarHammer,1.1,0.65,1.5,0.042
BROT1BT,Hervour,0.7,0.4,0.9,0.14
BROT1EXM1,Medusa,0.75,1,0.75,0.24
BROT1EXPD,Mizura,0.75,1.2,0.75,0.26
BROT1HPD,Zpyker,0.6,0.5,0.6,0.22
BROT1ML,Wavecrest,0.65,0.45,0.8,0.09
BROT1MT,Bonfire,0.7,0.3,0.9,0.042
BROT2ASB,Amphorak,0.8,1.4,0.9,0.1
BROT2EPD,Daelek,1,1.3,1,0.075
BROT3BT,Transoma,1.2,0.72,1.6,0.105
BROT3HAM,Ezriel,1.9,3,1.8,0.07
BROT3HM,Spectre,1.1,1.7,1.1,0.07
BROT3NCM,Eliash,2.2,4.4,2.7,0.087
BROT3PDRO,Zheela,0.9,1.1,0.9,0.09
BROT3SHBM,Elias,2,3.9,2.2,0.18
BROT3SHPD,Mothra,2.7,2.1,2.7,0.09
BRPAT2BOMBER,Vesinnee,1.9,0.4,1,0.08
BRPAT2FIGBO,Uhthesinn,1,0.4,1,0.045
BRPAT3GUNSHIP,Ia-Usla,1.7,0.55,1.7,0.06
BRPEXBOT,Yenah-lao,2,4,2.5,0.2
BRPEXBTBOT,Tha-Yath,2,3.3,2,0.02
BRPEXHVBOT,Athusil,2,4,3,0.08
BRPEXPD,Heth-Athala,3,4,3,0.1
BRPEXSHBM,Thaez-Atha,4,4,4.8,0.09
BRPEXTANK,Yath-Us,1.8,1.3,2.3,0.13
BRPT1EXM1,Othazyne,0.6,0.45,0.6,0.05
BRPT1HT,Yenshavoh,0.55,0.35,0.6,0.075
BRPT1PD,Hethula-Uttaus,0.65,1.05,0.65,0.01
BRPT2BTBOT,Iltha,1,1.1,0.9,0.05
BRPT2PD,Ve-Us,0.75,1.4,0.75,0.01
BRPT3BOT,Thaam-Thuum,1.3,1,1.25,0.04
BRPT3BT,Hethaamah,1.2,0.8,1.7,0.053
BRPT3ML,Heth-Zthuha,0.6,1.35,0.9,0.015
BRPT3PD,Athaamla,0.98,1.6,0.98,0.07
BAA0001,Tempest Defense Drone,0.4,0.16,0.4,0.06
BAA0309,Illuminate,2.7,1.8,5.6,0.048
BRA0309,Vanisher,3,2,8,0.08
BSA0309,Vishathal-Atah,5.5,2,5.7,0.059
DAA0206,Mercy,0.3,0.2,1,0.15
DAL0310,Absolver,0.8,0.6,1.1,0.06
DEA0202,Janus,1.4,0.4,1,0.05
DEL0204,Mongoose,0.7,1,0.4,0.04
DRA0202,Talon,1.3,0.6,1.3,0.07
DRL0204,Hoplite,0.4,0.5,0.72,0.07
SEB1401,Apotheosis,4,4,4,0.08
SRB1401,Demiurge,4,4,4,0.1
SSB1401,Uyahyaliyaiya,4,4,4,0.07
UAA0101,Mirage,0.4,0.15,0.6,0.1
UAA0102,Conservator,0.8,0.2,1,0.1
UAA0103,Shimmer,1.75,0.25,0.625,0.11
UAA0104,Aluminar,2.2,1.6,5.6,0.05
UAA0107,Chariot,2,1.2,2,0.06
UAA0203,Specter,1,0.5,1,0.25
UAA0204,Skimmer,1,0.6,1,0.1
UAA0302,Seer,0.8,0.25,1.4,0.125
UAA0303,Corona,1.5,0.3,1.5,0.2
UAA0304,Shocker,1.7,0.4,1.4,0.115
UAA0310,CZAR,16,3,16,0.0225
UAB0101,Basic Land Factory,3.6,1,3.6,0.275
UAB0102,Basic Air Factory,3,0.7,3,0.35
UAB0103,Basic Naval Factory,4,2,9.5,0.09
UAB0201,Improved Land Factory,3.6,1,3.6,0.275
UAB0202,Improved Air Factory,4,0.7,4,0.35
UAB0203,Improved Naval Factory,4,2,9.5,0.09
UAB0301,Advanced Land Factory,3.6,1,3.6,0.275
UAB0302,Advanced Air Factory,4,0.7,4,0.35
UAB0303,Advanced Naval Factory,4,2,9.5,0.09
UAB0304,Quantum Gateway,5,1.5,5,0.055
UAB1101,Basic Power Generator,0.75,0.5,0.75,0.045
UAB1102,Basic Hydrocarbon Power Plant,1.75,2.5,1.75,0.0045
UAB1103,Basic Mass Extractor,0.75,1.4,0.75,0.15
UAB1104,Mass Fabricator,0.75,0.35,0.75,0.085
UAB1105,Basic Energy Storage,0.8,0.4,0.8,0.11
UAB1106,Basic Mass Storage,0.85,0.5,0.85,0.12
UAB1201,Improved Power Generator,2.2,1.3,2.2,0.045
UAB1202,Improved Mass Extractor,0.75,1.4,0.75,0.15
UAB1301,Advanced Power Generator,4,2.75,4,0.045
UAB1302,Advanced Mass Extractor,0.75,1.4,0.75,0.15
UAB1303,Advanced Mass Fabricator,1.75,1.75,1.75,0.03
UAB2101,Erupter,0.5,0.75,0.5,0.06
UAB2104,Seeker,0.5,1.2,0.5,0.06
UAB2105,Improved Energy Storage,0.9,0.5,0.9,0.154
UAB2106,Improved Mass Storage,0.9,0.6,0.9,0.168
UAB2108,Serpentine,0.65,0.35,1,0.04
UAB2109,Tide,0.9,2,0.9,0.3
UAB2204,Marr,0.8,1.2,0.8,0.14
UAB2205,Wave Break,1.5,2,1.5,0.45
UAB2301,Oblivion,0.85,1.5,0.85,0.4
UAB2302,Emissary,3.2,3.6,3.2,0.1125
UAB2303,Miasma,0.9,1.2,0.9,0.35
UAB2304,Transcender,0.6,1.4,0.6,0.25
UAB2305,Apocalypse,2,1,2,0.75
UAB3101,Basic Radar System,0.5,1.35,0.5,0.25
UAB3102,Sonar System,0.6,0.5,0.6,0.06
UAB3104,Oculus,0.5,2.8,0.5,0.25
UAB3105,Advanced Energy Storage,1,0.6,1,0.198
UAB3106,Advanced Mass Storage,1,0.7,1,0.216
UAB3201,Improved Radar System,0.5,2.1,0.5,0.25
UAB3202,Improved Sonar System,0.5,0.5,0.5,0.06
UAB3304,Marriss,0.9,1.4,0.9,0.2
UAB4201,Volcano,0.65,0.5,1.25,0.05
UAB4202,Shield of Light,1.75,2.5,1.75,0.06
UAB4203,Veil,2,3,2,1.7
UAB4301,Radiance,2.3,4,2.3,0.05
UAB4302,Patron,1.75,0.6,1.75,0.1
UAB5101,Wall Section,1,0.4,1,0.15
UAB5102,Aeon Transport Beacon,0.5,0.75,0.5,0.3
UAB5103,Aeon Quantum Gate Beacon,1,1,1,0.1
UAB5202,Cradle,2.75,1,2.75,0.065
UAC1301,Aeon Administrative Structure,3,2,1.75,0.1
UAL0001,Armored Command Unit,1,2,0.7,0.018
UAL0101,Spirit,0.45,0.27,0.54,0.07
UAL0103,Fervor,0.55,0.25,0.6,0.07
UAL0104,Thistle,0.45,0.4,0.5,0.08
UAL0105,Engineer,0.8,0.7,0.8,0.08
UAL0106,Flare,0.6,0.6,0.6,0.08
UAL0111,Evensong,0.75,0.3,1.1,0.075
UAL0201,Aurora,0.7,0.4,0.9,0.1
UAL0202,Obsidian,0.8,0.6,0.9,0.1
UAL0205,Ascendant,0.9,0.3,0.9,0.125
UAL0208,Engineer,1,0.8,0.8,0.08
UAL0301,Support Armored Command Unit,0.85,1.4,0.4,0.13
UAL0303,Harbinger,1,1.5,1.2,0.7
UAL0304,Serenity,1,0.4,1.5,0.035
UAL0307,Asylum,0.8,0.5,0.8,0.5
UAL0308,Refuge,0.85,0.5,0.85,0.65
UAL0309,T3 Engineer,0.9,0.7,0.9,0.07
UAL0401,Galactic Colossus,2.5,6.5,2.5,0.1
UAM0004,Wall Section,1,1.1,1,0.15
UAS0102,Shard,0.45,0.55,1.1,0.045
UAS0103,Beacon Class,0.35,0.76,2.35,0.05
UAS0201,Exodus Class,1.1,0.9,3.6,0.063
UAS0202,Infinity Class,1,1,3.5,0.041
UAS0203,Sylph,0.32,0.55,1.7,0.05
UAS0302,Omen Class,1.9,1.9,7.45,0.07
UAS0303,Keefer Class,4,2.1,10,0.062
UAS0304,Silencer,0.63,0.63,3.1,0.045
UAS0305,Mobile Sonar Platform,0.8,1.1,0.8,0.06
UAS0401,Tempest,6,2.7,6,0.055
UEA0001,C-D1 "Rover",0.5,0.5,0.5,0.1
UEA0003,C-D2 "Rover",0.5,0.5,0.5,0.1
UEA0101,Hummingbird,0.4,0.15,0.6,0.08
UEA0102,Cyclone,1,0.2,1,0.075
UEA0103,Scorcher,1.2,0.3,1,0.125
UEA0104,Star Lifter,2,1,7,0.059
UEA0107,Courier,1.4,0.7,4.5,0.059
UEA0203,Stinger,1,0.55,1,0.08
UEA0204,Stork,1,0.6,1,0.04
UEA0302,Blackbird,0.8,0.25,1.8,0.08
UEA0303,Wasp,1.5,0.3,1.5,0.1
UEA0304,Ambassador,2,0.5,1.5,0.035
UEA0305,Broadsword,1.7,0.6,1.7,0.1
UEB0101,Basic Land Factory,4.2,0.6,4.4,0.1
UEB0102,Basic Air Factory,3.5,0.75,3.5,0.1
UEB0103,Basic Naval Factory,4,2,10,0.083
UEB0201,Improved Land Factory,4.2,0.6,4.4,0.1
UEB0202,Improved Air Factory,3.5,0.75,3.5,0.1
UEB0203,Improved Naval Factory,4,2,10,0.083
UEB0301,Advanced Land Factory,4.8,0.6,4.8,0.1
UEB0302,Advanced Air Factory,3.5,0.75,3.5,0.1
UEB0303,Advanced Naval Factory,4,2,10,0.083
UEB0304,Quantum Gateway,7.25,3.5,1.5,0.07
UEB1101,Basic Power Generator,0.6,0.85,0.6,0.04
UEB1102,Basic Hydrocarbon Power Plant,2.5,1.3,2.5,0.5
UEB1103,Basic Mass Extractor,0.75,1.4,0.75,0.06
UEB1104,Mass Fabricator,0.8,0.8,0.8,0.095
UEB1105,Basic Energy Storage,1,1.25,1,0.145
UEB1106,Basic Mass Storage,0.7,0.95,0.7,0.125
UEB1201,Improved Power Generator,2.2,0.9,2.2,0.07
UEB1202,Improved Mass Extractor,0.75,1.4,0.75,0.06
UEB1301,Advanced Power Generator,3,2.5,3,0.08
UEB1302,Advanced Mass Extractor,0.75,1.4,0.75,0.06
UEB1303,Advanced Mass Fabricator,1.75,2.1,1.875,0.35
UEB2101,Plasma Cannon,0.6,0.8,0.6,0.155
UEB2104,Railgun,0.6,1.35,0.6,0.155
UEB2105,Improved Energy Storage,1,1.25,1,0.174
UEB2106,Improved Mass Storage,0.8,1,0.8,0.15
UEB2108,Aloha,0.75,0.75,0.75,0.04
UEB2109,DN1,0.9,2,0.9,0.05
UEB2204,Air Cleaner,0.5,1.2,0.5,0.15
UEB2205,Tsunami,1.5,2,1.5,0.075
UEB2301,Triad,0.6,1.5,0.6,0.2
UEB2302,Duke,3.6,2,3.6,0.036
UEB2303,Klink Hammer,1,1.7,1,0.35
UEB2304,Flayer,0.5,1.7,0.5,0.13
UEB2305,Stonager,2.9,0.9,2.9,0.04
UEB2401,Mavor,5,2,5,0.08
UEB3101,Basic Radar System,0.6,1.25,0.3,0.08
UEB3102,Basic Sonar System,0.6,0.5,0.6,0.02
UEB3104,Omni Sensor Array,0.2,2.7,0.2,0.08
UEB3105,Advanced Energy Storage,1,1.25,1,0.203
UEB3106,Advanced Mass Storage,0.9,1.1,0.9,0.175
UEB3201,SA2 - 2000,0.3,2,0.3,0.08
UEB3202,Improved Sonar System,0.5,0.5,0.5,0.02
UEB3304,Nailer,0.5,1.25,0.5,0.19
UEB4201,Buzzkill,1,1.5,1,0.15
UEB4202,SD - Pulse,1.5,2.5,1.5,0.4
UEB4203,Scattershield,0.9,4,0.9,0.3
UEB4301,HSD Pulse,1.5,2.5,1.5,0.4
UEB4302,Nuke Eliminator,1.75,0.8,1.75,1.4
UEB5101,Calcicrete,1,0.4,1,0.15
UEB5102,UEF Transport Beacon,0.5,0.75,0.5,0.3
UEB5103,UEF Quantum Gate Beacon,1,1,1,0.1
UEB5202,Refuel & Repair,2.9,1.5,2.9,0.1875
UEB5204,Concrete,1,0.75,1,0.15
UEC0001,UEF Civilian Truck,0.45,0.4,0.9,0.175
UEC1101,UEF Residential Building,2.5,2.5,2.5,0.1
UEC1201,UEF Science Lab,1.5,2.25,2.25,0.1
UEC1301,UEF Administrative Building,3,2,3,0.1
UEC1401,UEF Agricultural Center,4,1.5,4,0.1
UEC1501,UEF Manufacturing Facility,2.25,1.5,2.25,0.1
UEC1901,UEF Black Sun,15.3,9,15.3,0.25
UEC1902,UEF Black Sun Control Center,2.3,1.6,2.3,0.1
UEC1903,UEF Black Sun Support,3.25,2,4.5,0.25
UEC1904,UEF Black Sun Tower,1.6,4,4.5,0.25
UEC1905,UEF Black Sun Crane,1.6,2.5,3.8,0.25
UEC1906,UEF Black Sun Crane,1.6,2.5,3.8,0.25
UEC1907,UEF Black Sun Building,1.6,2.5,3.8,0.25
UEL0001,Armored Command Unit,1,2,0.7,0.105
UEL0101,Snoop,0.35,0.4,0.65,0.08
UEL0103,Lobo,0.45,0.4,0.8,0.065
UEL0104,Archer,0.5,0.4,0.7,0.065
UEL0105,T1 Engineer,0.7,0.8,0.6,0.075
UEL0106,Mech Marine,0.45,0.45,0.45,0.0625
UEL0111,Flapjack,0.6,0.6,1.3,0.1
UEL0201,Striker,0.6,0.45,0.8,0.07
UEL0202,Pillar,0.9,0.6,1.2,0.09
UEL0203,Riptide,0.9,0.45,1.2,0.09
UEL0205,Sky Boxer,0.6,0.4,0.85,0.2
UEL0208,T2 Engineer,0.7,0.9,0.6,0.08
UEL0301,Support Armored Command Unit,0.9,1.4,0.6,0.17
UEL0303,Titan,0.9,1.2,0.9,0.7
UEL0304,Demolisher,0.7,0.5,1.1,0.036
UEL0307,Parashield,0.6,0.35,0.7,0.1
UEL0308,Veloshield,0.65,0.4,0.75,0.14
UEL0309,T3 Engineer,0.85,0.9,0.9,0.1
UEL0401,Fatboy,5.5,1.5,8,0.24
UEM0006,Calcicrete 2.0,1,1.1,1,0.15
UES0103,Thunderhead Class,0.36,0.63,2.35,0.05
UES0201,Valiant Class,0.9,1,4.1,0.063
UES0202,Governor Class,1,1.1,4.1,0.05
UES0203,Tigershark,0.35,0.5,1.85,0.05
UES0302,Summit Class,1.8,1.4,7.4,0.072
UES0304,Ace,0.65,0.65,3.2,0.045
UES0305,Mobile Sonar Platform,0.9,1.1,0.9,0.02
UES0401,Atlantis,1.8,1.5,9.5,0.055
URA0001,Build Bot,0.25,0.25,0.25,0.14
URA0101,Peeker,0.4,0.15,0.6,0.07
URA0102,Prowler,1,0.2,1,0.06
URA0103,Zeus,1.5,0.2,1,0.1
URA0104,Dragon Fly,3,1.4,6,0.06
URA0107,Skyhook,1.4,1.1,4.5,0.045
URA0203,Sky Spider,1,0.5,1,0.2
URA0204,Cormorant,1,0.5,1,0.08
URA0302,Spook,2,0.25,0.8,0.35
URA0303,Gemini,1.5,0.3,1.5,0.11
URA0304,Revenant,1.8,0.5,1.5,0.2
URA0401,Soul Ripper,5.5,3.5,7.2,0.18
URB0101,Basic Land Factory,2.9,1,4.2,0.05
URB0102,Basic Air Factory,3.5,0.75,3.5,0.09
URB0103,Basic Naval Factory,4,2,10,0.095
URB0201,Improved Land Factory,2.9,1,4.2,0.05
URB0202,Improved Air Factory,3.5,0.75,3.5,0.09
URB0203,Improved Naval Factory,4,2,10,0.095
URB0301,Advanced Land Factory,2.9,1,4.2,0.05
URB0302,Advanced Air Factory,3.5,0.75,3.5,0.09
URB0303,Advanced Naval Factory,4,2,10,0.095
URB0304,Quantum Gateway,4.75,2,3.5,0.07
URB1101,Basic Power Generator,0.6,1.25,0.4,0.225
URB1102,Basic Hydrocarbon Power Plant,2,1.5,2,0.45
URB1103,Basic Mass Extractor,0.75,1.8,0.75,0.1
URB1104,Mass Fabricator,0.7,0.55,0.7,0.2
URB1105,Basic Energy Storage,0.85,1,0.7,0.25
URB1106,Basic Mass Storage,0.8,0.75,0.6,0.375
URB1201,Improved Power Generator,1.3,2.5,1.3,0.35
URB1202,Improved Mass Extractor,0.75,1.8,0.75,0.1
URB1301,Advanced Power Generator,4,3,4,0.09
URB1302,Advanced Mass Extractor,0.75,1.8,0.75,0.1
URB1303,Advanced Mass Fabricator,1.3,3.2,1.3,0.3
URB2101,Auto Gun,0.7,0.8,0.7,0.2
URB2104,Tracer,0.7,1.4,0.7,0.2
URB2105,Improved Energy Storage,0.85,1,0.7,0.35
URB2106,Improved Mass Storage,0.9,0.9,0.7,0.525
URB2108,TML-4,1,0.75,1,0.04
URB2109,Scuttle,0.9,2,0.9,0.12
URB2204,Sky Web,0.4,1.5,0.6,0.015
URB2205,Tentacle,1.5,2,1.5,0.17
URB2301,Cerberus,0.5,1.5,0.7,0.06
URB2302,Disruptor,2.7,3.6,2.7,0.081
URB2303,Gunther,0.5,1.4,0.8,0.5
URB2304,Myrmidon,0.6,2,0.3,0.04
URB2305,Liberator,2.5,1.75,2.5,0.19
URB3101,Basic Radar System,0.6,1.8,0.6,0.15
URB3102,Basic Sonar System,0.5,0.5,0.5,0.125
URB3104,Omni Sensor Array,0.5,4,0.5,0.15
URB3105,Advanced Energy Storage,1,1,1,0.45
URB3106,Advanced Mass Storage,1,0.9,0.8,0.675
URB3201,Improved Radar System,0.5,3,0.5,0.15
URB3202,Flood,0.5,0.5,0.5,0.125
URB3304,Sky Net,0.5,1.7,0.7,0.021
URB4201,Zapper,0.6,1.6,0.6,0.1
URB4202,ED1,2,5,2,0.2
URB4203,Twilight,1,5.1,1,0.3
URB4204,ED2,2,5,2,0.2
URB4205,ED3,2,5,2,0.2
URB4206,ED4,2,5,2,0.2
URB4207,ED5,2,5,2,0.2
URB4302,Guardian,1,2,1,0.1
URB5101,Wall Section,1,0.4,1,0.17
URB5102,Cybran Transport Beacon,0.5,0.75,0.5,0.3
URB5103,Quantum Gate Beacon,1,1,1,0.1
URB5202,Air Staging Facility,2.9,1.5,2.9,0.1875
URL0001,Armored Command Unit,1,2.2,0.7,0.16
URL0101,Mole,0.5,0.3,0.5,0.027
URL0103,Medusa,0.55,0.45,0.65,0.1
URL0104,Sky Slammer,0.55,0.3,0.65,0.125
URL0105,T1 Engineer,0.7,0.8,0.6,0.09
URL0106,Hunter,0.4,0.5,0.4,0.015
URL0107,Mantis,0.6,0.45,0.72,0.13
URL0111,Viper,0.72,0.5,0.85,0.15
URL0202,Rhino,0.8,0.5,1,0.135
URL0203,Wagner,0.8,0.35,1,0.125
URL0205,Banger,0.52,0.48,0.72,0.16
URL0208,T2 Engineer,0.7,0.9,0.6,0.117
URL0301,Support Armored Command Unit,0.7,1.4,0.4,0.13
URL0303,Loyalist,0.9,1,0.9,0.15
URL0304,Trebuchet,1,0.4,0.8,0.35
URL0306,Deceiver,0.6,0.2,0.7,0.1
URL0307,Deviator,0.6,0.2,0.7,0.13
URL0309,T3 Engineer,0.85,0.9,0.9,0.12
URL0401,Scathis,6,2,7,0.1
URL0402,Monkeylord,2,4,3,0.0725
URM0004,Wall Section,1,1.1,1,0.17
URS0103,Trident Class,0.4,0.7,2.6,0.055
URS0201,Salem Class,1.15,1,4.2,0.37
URS0202,Siren Class,1.2,1.1,4.5,0.05
URS0203,Sliver,0.45,0.5,2.1,0.05
URS0302,Galaxy Class,1.7,1.4,7.3,0.072
URS0303,Command Class,2.7,1.4,11,0.07
URS0304,Plan B,1.1,0.55,2.7,0.036
URS0305,Flood XR,0.8,1.2,0.8,0.125
XAA0202,Swift Wind,1,0.4,1,0.058
XAA0305,Restorer,1.7,0.67,1.7,0.35
XAA0306,Solace,1.4,0.5,1.4,0.027
XAB1401,Paragon,4,4,4,0.07
XAB2307,Salvation,5,4.4,6,1.2
XAB3301,Eye of Rhianne,2,5,2,0.07
XAL0203,Blaze,0.9,0.5,1.2,0.038
XAL0305,Sprite Striker,0.8,1,0.6,0.07
XAS0204,Vesper,0.65,0.5,2.8,0.055
XAS0306,Torrent Class,1.5,1.8,6.9,0.025
XEA0002,Intelligence Satellite,2,1,1,0.05
XEA0306,Continental,3.1,2,6.8,0.05
XEA3204,C-D2 "Rover-2",0.3,0.3,0.3,0.011
XEB0104,Kennel,0.7,0.8,0.7,0.05
XEB0204,Kennel,0.8,1,0.8,0.05
XEB2306,Ravager,1.3,1.3,1.3,0.4
XEC1301,UEF Administration Building,2.5,2.5,2.5,0.03
XEC1401,UEF High Command Building,2.5,2.5,2.5,0.2
XEC1501,UEF Samantha Clarke Statue,2.5,2.5,2.5,0.05
XEC1908,UEF Blacksun Remains --1,2.5,2.5,2.5,0.05
XEC1909,UEF Blacksun Remains --2,2.5,2.5,2.5,0.05
XEC8001,UEF Wall Segment,2.5,2.5,2.5,0.05
XEC8002,UEF Wall Segment,2.5,2.5,2.5,0.05
XEC8003,UEF Wall Segment,2.5,2.5,2.5,0.05
XEC8004,UEF Wall Segment,2.5,2.5,2.5,0.05
XEC8005,UEF Wall Segment,2.5,2.5,2.5,0.05
XEC8006,UEF Wall Segment,2.5,2.5,2.5,0.05
XEC8007,UEF Wall Segment,2.5,2.5,2.5,0.05
XEC8008,UEF Wall Segment,2.5,2.5,2.5,0.05
XEC8009,UEF Wall Segment,2.5,2.5,2.5,0.05
XEC8010,UEF Wall Segment,2.5,2.5,2.5,0.05
XEC8011,UEF Wall Segment,2.5,2.5,2.5,0.05
XEC8012,UEF Wall Segment,2.5,2.5,2.5,0.05
XEC8013,UEF Wall Segment,2.5,2.5,2.5,0.05
XEC8014,UEF Wall Segment,2.5,2.5,2.5,0.05
XEC8015,UEF Wall Segment,2.5,2.5,2.5,0.05
XEC8016,UEF Wall Segment,2.5,2.5,2.5,0.05
XEC8017,UEF Wall Segment,2.5,2.5,2.5,0.05
XEC8018,UEF Wall Segment,2.5,2.5,2.5,0.05
XEC8019,UEF Wall Segment,2.5,2.5,2.5,0.05
XEC8020,UEF Wall Segment,2.5,2.5,2.5,0.05
XEC9001,UEF Wall Segment,3,2,2.5,0.05
XEC9002,UEF Wall Segment,3,2,2.5,0.05
XEC9003,UEF Wall Segment,3,2,2.5,0.05
XEC9004,UEF Wall Segment,3,2,2.5,0.05
XEC9005,UEF Wall Segment,3,2,2.5,0.05
XEC9006,UEF Wall Segment,3,2,2.5,0.05
XEC9007,UEF Wall Segment,3,2,2.5,0.05
XEC9008,UEF Wall Segment,3,2,2.5,0.05
XEC9009,UEF Wall Segment,3,2,2.5,0.05
XEC9010,UEF Wall Segment,3,2,2.5,0.05
XEC9011,UEF Wall Segment,3,2,2.5,0.05
XEL0209,Sparky,0.7,1,0.7,0.04
XEL0305,Percival,0.8,1.5,0.8,0.063
XEL0306,Spearhead,0.72,0.54,1.42,0.03
XES0102,Cooper,0.3,0.46,0.92,0.032
XES0205,Bulwark,0.85,1,2.75,0.09
XES0307,Neptune Class,1.35,1.4,5.6,0.05
XRA0105,Jester,1,0.5,1,0.04
XRA0305,Wailer,1.7,0.55,1.7,0.05
XRB0104,The Hive,1.2,1.6,1.2,0.05
XRB0204,Hive Mk. II,1.2,2,1.3,0.05
XRB0304,Hive Mk. III,1.2,2.6,1.3,0.05
XRB2308,HARMS,2,2.7,2,0.07
XRB3301,Soothsayer,3,7,4.1,0.048
XRC1101,QAI Jamming Station,2.5,2.5,2.5,0.05
XRC1502,PoW Facility,2.5,0.8,2.5,0.1
XRC2101,QAI Prison Building,2.5,2.5,2.5,0.05
XRC2201,QAI Mainframe,2.5,2.5,2.5,0.05
XRC2301,QAI Node,2.5,2.5,2.5,0.05
XRC2401,QAI Spire Node,2.5,2.5,2.5,0.05
XRC8001,Cybran Wall Segment,2.5,2.5,2.5,0.05
XRC8002,Cybran Wall Segment,2.5,2.5,2.5,0.05
XRC8003,Cybran Wall Segment,2.5,2.5,2.5,0.05
XRC8004,Cybran Wall Segment,2.5,2.5,2.5,0.05
XRC8005,Cybran Wall Segment,2.5,2.5,2.5,0.05
XRC8006,Cybran Wall Segment,2.5,2.5,2.5,0.05
XRC8007,Cybran Wall Segment,2.5,2.5,2.5,0.05
XRC8008,Cybran Wall Segment,2.5,2.5,2.5,0.05
XRC8009,Cybran Wall Segment,2.5,2.5,2.5,0.05
XRC8010,Cybran Wall Segment,2.5,2.5,2.5,0.05
XRC8011,Cybran Wall Segment,2.5,2.5,2.5,0.05
XRC8012,Cybran Wall Segment,2.5,2.5,2.5,0.05
XRC8013,Cybran Wall Segment,2.5,2.5,2.5,0.05
XRC8014,Cybran Wall Segment,2.5,2.5,2.5,0.05
XRC8015,Cybran Wall Segment,2.5,2.5,2.5,0.05
XRC8016,Cybran Wall Segment,2.5,2.5,2.5,0.05
XRC8017,Cybran Wall Segment,2.5,2.5,2.5,0.05
XRC8018,Cybran Wall Segment,2.5,2.5,2.5,0.05
XRC8019,Cybran Wall Segment,2.5,2.5,2.5,0.05
XRC8020,Cybran Wall Segment,2.5,2.5,2.5,0.05
XRC8101,Cybran Wall Segment,2.5,2.5,2.5,0.05
XRC8102,Cybran Wall Segment,2.5,2.5,2.5,0.05
XRC8103,Cybran Wall Segment,2.5,2.5,2.5,0.05
XRC8104,Cybran Wall Segment,2.5,2.5,2.5,0.05
XRC8105,Cybran Wall Segment,2.5,2.5,2.5,0.05
XRC8106,Cybran Wall Segment,2.5,2.5,2.5,0.05
XRC8107,Cybran Wall Segment,2.5,2.5,2.5,0.05
XRC8108,Cybran Wall Segment,2.5,2.5,2.5,0.05
XRC8109,Cybran Wall Segment,2.5,2.5,2.5,0.05
XRC8110,Cybran Wall Segment,2.5,2.5,2.5,0.05
XRC8111,Cybran Wall Segment,2.5,2.5,2.5,0.05
XRC8112,Cybran Wall Segment,2.5,2.5,2.5,0.05
XRC8113,Cybran Wall Segment,2.5,2.5,2.5,0.05
XRC8114,Cybran Wall Segment,2.5,2.5,2.5,0.05
XRC8115,Cybran Wall Segment,2.5,2.5,2.5,0.05
XRC8116,Cybran Wall Segment,2.5,2.5,2.5,0.05
XRC8117,Cybran Wall Segment,2.5,2.5,2.5,0.05
XRC8118,Cybran Wall Segment,2.5,2.5,2.5,0.05
XRC8119,Cybran Wall Segment,2.5,2.5,2.5,0.05
XRC8120,Cybran Wall Segment,2.5,2.5,2.5,0.05
XRL0002,Crab Egg (Engineer),1,1,1,0.05
XRL0003,Crab Egg (Brick),1,1,1,0.05
XRL0004,Crab Egg (Flak),1,1,1,0.05
XRL0005,Crab Egg (Artillery),1,1,1,0.05
XRL0302,Fire Beetle,0.4,0.35,0.55,0.054
XRL0305,Brick,0.9,1.35,0.9,0.055
XRL0403,Megalith,4.6,3.5,7.3,0.055
XRS0204,Barracuda,0.6,0.5,3,0.04
XRS0205,Mermaid,0.75,0.8,2.5,0.08
XSA0101,Sele-istle,0.4,0.15,0.6,0.023
XSA0102,Ia-atha,0.8,0.2,1,0.05
XSA0103,Sinnve,1.75,0.25,0.625,0.11
XSA0104,Vishala,4.5,1.5,7,0.05
XSA0107,Vish,4.5,1.2,7,0.05
XSA0202,Notha,0.8,0.3,1,0.05
XSA0203,Vulthoo,1,0.5,1,0.04
XSA0204,Uosioz,1,0.6,1,0.09
XSA0302,Iaselen,0.8,0.25,1.4,0.05
XSA0303,Iazyne,1.5,0.3,1.5,0.17
XSA0304,Sinntha,2.25,0.5,1.2,0.08
XSA0402,Ahwassa,9.8,2.7,9.8,0.03
XSB0101,Basic Land Factory,3.1,0.8,3.6,0.05
XSB0102,Ia-iya,2.5,2.8,2.5,0.05
XSB0103,Basic Naval Factory,4,2,10,0.05
XSB0201,Improved Land Factory,3.1,0.8,3.6,0.05
XSB0202,Improved Air Factory,3.5,2.7,3.5,0.05
XSB0203,Uosiya,4,2,10,0.05
XSB0301,Advanced Land Factory,3.1,0.8,3.6,0.05
XSB0302,Advanced Air Factory,4,2.8,4,0.05
XSB0303,Uosiya,4,2,10,0.05
XSB0304,Aezthu-uhthe,5,1.5,5,0.05
XSB1101,Basic Power Generator,0.75,0.5,0.75,0.06
XSB1102,Basic Hydrocarbon Power Plant,2.5,0.5,1.75,0.05
XSB1103,Basic Mass Extractor,0.75,1,0.75,0.05
XSB1104,Mass Fabricator,0.75,0.35,0.75,0.055
XSB1105,Basic Energy Storage,0.6,0.6,0.6,0.065
XSB1106,Basic Mass Storage,0.6,0.6,0.7,0.05
XSB1201,Improved Power Generator,2,2.25,1,0.05
XSB1202,Improved Mass Extractor,0.75,1,0.75,0.05
XSB1301,Advanced Power Generator,4,2.75,4,0.1
XSB1302,Advanced Mass Extractor,0.75,1,0.75,0.05
XSB1303,Advanced Mass Fabricator,1.75,1.75,1.75,0.047
XSB2101,Uttaus,0.5,0.9,0.5,0.038
XSB2104,Ialla,0.5,1,0.5,0.037
XSB2105,Improved Energy Storage,0.7,0.7,0.7,0.091
XSB2106,Improved Mass Storage,0.7,0.7,0.8,0.07
XSB2108,Ythis,0.65,0.8,1,0.05
XSB2109,Sou-atha,0.9,2,0.9,0.03
XSB2204,Sinnatha,0.8,1.55,0.8,0.042
XSB2205,Uosthu,1.5,2.2,1.5,0.05
XSB2301,Uttaushala,0.9,1.5,0.9,0.06
XSB2302,Hovatham,3.5,4,3.5,0.045
XSB2303,Zthuthaam,1,1.2,1,0.03
XSB2304,Iathu-ioz,0.8,0.9,1,0.044
XSB2305,Hastue,2,1,2,0.035
XSB2401,Yolona Oss,2,1.6,2,0.057
XSB3101,Esel,0.5,1,0.5,0.08
XSB3102,Basic Sonar System,0.6,0.8,0.6,0.05
XSB3104,Aezesel,0.7,1.3,0.9,0.065
XSB3105,Advanced Energy Storage,0.9,0.9,0.9,0.117
XSB3106,Advanced Mass Storage,0.8,0.8,0.9,0.09
XSB3201,Sele-esel,0.5,1.4,0.5,0.075
XSB3202,Improved Sonar System,0.9,1,0.7,0.05
XSB3304,Sinnatha Hu,0.9,1.6,0.9,0.055
XSB4201,Ythisatha,0.65,0.9,1,0.05
XSB4202,Atha,1.75,2.5,1.75,0.05
XSB4203,Sele-ioz,1.5,5.2,1.5,0.035
XSB4301,Heavy Shield Generator,2.3,4,2.3,0.058
XSB4302,Ythisioz,1.5,1.5,1.75,0.05
XSB5101,Haas,1,0.4,1,0.14
XSB5102,Seraphim Transport Beacon,0.5,0.75,0.5,0.3
XSB5202,Iathu-uhthe,2.75,1,2.75,0.05
XSC1301,Seraphim Administrative Building,2.5,2.5,2.5,0.05
XSC8001,Seraphim Wall Segment,2.5,2.5,2.5,0.05
XSC9002,Jammer Crystal,0.5,0.5,0.5,0.2
XSL0001,Armored Command Unit,1,2.2,0.7,0.05
XSL0101,Selen,0.6,0.7,0.6,0.064
XSL0103,Zthuee,0.55,0.35,0.6,0.075
XSL0104,Ia-istle,0.6,0.4,0.6,0.035
XSL0105,T1 Engineer,0.8,0.7,0.8,0.067
XSL0111,Ythisah,1,0.45,1.6,0.057
XSL0201,Thaam,0.7,0.5,0.9,0.063
XSL0202,Ilshavoh,1,1.1,0.9,0.05
XSL0203,Yenzyne,0.9,0.5,1.2,0.05
XSL0205,Iashavoh,0.9,0.7,0.9,0.038
XSL0208,T2 Engineer,1,0.8,0.8,0.069
XSL0301,Support Armored Command Unit,0.75,1.4,0.4,0.05
XSL0303,Othuum,0.7,0.3,1.8,0.06
XSL0304,Suthanus,0.7,0.8,0.9,0.05
XSL0305,Usha-Ah,0.35,1.2,0.7,0.068
XSL0307,Athanah,0.8,0.5,0.8,0.045
XSL0309,T3 Engineer,0.9,0.7,0.9,0.07
XSL0401,Ythotha,2.5,8.5,1.5,0.05
XSL0402,Unidentified Residual Energy Signature,0.5,0.5,0.5,0.1
XSM0001,Sele-haas,1,1.1,1,0.14
XSS0103,Hau-esel,0.42,0.81,2.8,0.035
XSS0201,Uashavoh,1.1,1,3.9,0.032
XSS0202,Ithalua,1.05,1,3.3,0.03
XSS0203,Sou-istle,0.5,0.5,2.3,0.05
XSS0302,Hauthuum,2,1.65,8,0.029
XSS0303,Iavish,2.6,1.5,10,0.032
XSS0304,Yathsou,0.9,0.72,2.3,0.035
XSS0305,Mobile Sonar Platform,0.9,1.1,0.9,0.02
WAL0401,Universal Colossus,2.5,6.5,2.5,0.095
WAL4404,Maruda,2.2,3.7,2.2,0.12
WAS0332,Shadow of Intent,1.2,1.6,4.1,0.055
WEB0404,Turtle,3,1.5,3,0.15
WEB4301,Protector,1,1.2,1,0.16
WEL0207,Sharp Shooter,0.7,1,0.7,0.07
WEL0302,Wrecker,0.9,1.2,0.9,0.05
WEL0304,Rommel,1.5,0.8,2.3,0.06
WEL03041,Walrus,0.7,0.5,1.1,0.045
WEL0305,Pegasus,0.8,1.6,0.8,0.054
WEL0309,Banisher,0.9,0.9,1.2,0.12
WEL0401,Wyvern,5.5,3,8,0.18
WEL0416,Dragonite,4.5,6,3.5,0.2
WEL1409,Fatboy 2 Wyvern,4.2,1.5,4.2,0.3
WEL4404,Star Adder,2.6,3.8,3.2,0.0425
WES0303,Posideon Class,1.3,1.4,5.6,0.055
WRA0401,Soul Ripper II,5.5,3,7.2,0.18
WRL0207,MSG Spiderbot,1,1.15,1.5,0.08
WRL0301,SeaLion,1,0.6,1.25,0.35
WRL0305,Echidna,0.8,1.1,0.8,0.1
WRL0309,Python,0.9,0.7,1.3,0.15
WRL1466,Storm Strider,4,4,4,0.0325
WSL0202,Onyzum,0.9,0.5,1,0.065
WSL0205,Beshlas,1.1,0.8,1.1,0.05
WSL0308,Otheeka,0.8,0.42,1.6,0.05
WSL0404,Yath-Yen,3.5,1.4,3.5,0.04
